project,file,line,method,path,mechanism,current_reference,target_command,command_creation_required,simplification_notes
clever-components,../clever-components/src/components/cc-addon-admin/cc-addon-admin.smart.js,153,GET,/v2/organisations/:XXX/addons/:XXX,legacy client (@clevercloud/client esm/api/*),,GetAddonCommand,no (command already exists),
clever-components,../clever-components/src/components/cc-addon-admin/cc-addon-admin.smart.js,163,GET,/v2/organisations/:XXX/addons/:XXX/tags,legacy client (@clevercloud/client esm/api/*),,ListTagCommand,no (command already exists),À fusionner avec tags d'app (pas utilisé encore)
clever-components,../clever-components/src/components/cc-addon-admin/cc-addon-admin.smart.js,185,PUT,/v2/organisations/:XXX/addons/:XXX,legacy client (@clevercloud/client esm/api/*),,UpdateAddonCommand,no (command already exists),
clever-components,../clever-components/src/components/cc-addon-admin/cc-addon-admin.smart.js,197,PUT,/v2/organisations/:XXX/addons/:XXX/tags,legacy client (@clevercloud/client esm/api/*),,CreateTagCommand/UpdateTagCommand,no (command already exists),À fusionner avec tags d'app (pas utilisé encore)
clever-components,../clever-components/src/components/cc-addon-admin/cc-addon-admin.smart.js,208,DELETE,/v2/organisations/:XXX/addons/:XXX,legacy client (@clevercloud/client esm/api/*),,DeleteAddonCommand,no (command already exists),
clever-components,../clever-components/src/components/cc-addon-backups/cc-addon-backups.smart.js,65,GET,/v2/organisations/:XXX/addons/:XXX,legacy client (@clevercloud/client esm/api/*),,GetAddonCommand,no (command already exists),
clever-components,../clever-components/src/components/cc-addon-backups/cc-addon-backups.smart.js,74,GET,/v4/addon-providers/:XXX/addons/:XXX,legacy client (@clevercloud/client esm/api/*),,GetMatomoInfo,no (command already exists),On split sur les différents provider utilisés : Jenkins;Matomo;Pulsar... (pour récupérer des infos sur l'addon;URL;tokens...)
clever-components,../clever-components/src/components/cc-addon-backups/cc-addon-backups.smart.js,102,GET,/v2/backups/:XXX/:XXX,legacy client (@clevercloud/client esm/api/*),,ListBackupCommand,no (command already exists),Database au lieu de Addon car c'est un truc qui ne fonctionne que pour certains Addon (juste une idée)
clever-components,../clever-components/src/components/cc-addon-backups/cc-addon-backups.smart.js,124,GET,/v2/backups/:XXX/:XXX,legacy client (@clevercloud/client esm/api/*),,ListBackupCommand,no (command already exists),Database au lieu de Addon car c'est un truc qui ne fonctionne que pour certains Addon (juste une idée)
clever-components,../clever-components/src/components/cc-addon-credentials/cc-addon-credentials.client.js,31,GET,/v2/organisations/:XXX/addons/:XXX,legacy client (@clevercloud/client esm/api/*),,GetAddonCommand,no (command already exists),
clever-components,../clever-components/src/components/cc-addon-credentials/cc-addon-credentials.client.js,41,GET,/v4/addon-providers/addon-:XXX/addons/:XXX,internal implementation (project-local reimplementation of esm/api function shape),getOperator,"per-provider commands exist, dispatch at runtime: keycloak->GetKeycloakInfoCommand, matomo->GetMatomoInfoCommand, metabase->GetMetabaseInfoCommand, otoroshi->GetOtoroshiInfoCommand, pulsar->GetPulsarInfoCommand",no for known providers (dispatch by provider); yes for any other provider,no generic command - the new client has one dedicated command per addon provider; caller must switch on the provider string to pick the right one
clever-components,../clever-components/src/components/cc-addon-credentials/cc-addon-credentials.client.js,57,POST,/v4/addon-providers/addon-:XXX/addons/:XXX/networkgroup,internal implementation (project-local reimplementation of esm/api function shape),createNg,"per-provider commands exist, dispatch at runtime: keycloak->DeleteKeycloakNetworkGroupCommand, otoroshi->DeleteOtoroshiNetworkGroupCommand",no for known providers (dispatch by provider); yes for any other provider,no generic command - the new client has one dedicated command per addon provider; caller must switch on the provider string to pick the right one
clever-components,../clever-components/src/components/cc-addon-credentials/cc-addon-credentials.client.js,63,DELETE,/v4/addon-providers/addon-:XXX/addons/:XXX/networkgroup,internal implementation (project-local reimplementation of esm/api function shape),deleteNg,"per-provider commands exist, dispatch at runtime: keycloak->DeleteKeycloakNetworkGroupCommand, otoroshi->DeleteOtoroshiNetworkGroupCommand",no for known providers (dispatch by provider); yes for any other provider,no generic command - the new client has one dedicated command per addon provider; caller must switch on the provider string to pick the right one
clever-components,../clever-components/src/components/cc-addon-credentials/cc-addon-credentials.smart-cellar.js,135,GET,/v4/cellar/organisations/:XXX/cellar/:XXX/credentials,internal implementation (project-local reimplementation of esm/api function shape),getCellarCredentials,UNKNOWN (not found in command source tree or openapi/commands inventory - verify manually),yes (no command implementation found for this endpoint),
clever-components,../clever-components/src/components/cc-addon-credentials/cc-addon-credentials.smart-cellar.js,145,GET,/v4/cellar/organisations/:XXX/cellar/:XXX/credentials/presigned-url,internal implementation (project-local reimplementation of esm/api function shape),getCellarPresignedUrl,UNKNOWN (not found in command source tree or openapi/commands inventory - verify manually),yes (no command implementation found for this endpoint),
clever-components,../clever-components/src/components/cc-addon-credentials/cc-addon-credentials.smart-cellar.js,181,POST,/v4/cellar/organisations/:XXX/cellar/:XXX/credentials/renew,internal implementation (project-local reimplementation of esm/api function shape),renewSecret,UNKNOWN (not found in command source tree or openapi/commands inventory - verify manually),yes (no command implementation found for this endpoint),
clever-components,../clever-components/src/components/cc-addon-credentials/cc-addon-credentials.smart-elastic.js,82,GET,/v2/providers/es-addon/:XXX,"new client (Command pattern, already migrated)",GetElasticsearchInfoCommand,GetElasticsearchInfoCommand,no (already using new client),
clever-components,../clever-components/src/components/cc-addon-credentials/cc-addon-credentials.smart-keycloak.js,86,GET,/v4/addon-providers/addon-keycloak/addons/:XXX,"new client (Command pattern, already migrated)",GetKeycloakInfoCommand,GetKeycloakInfoCommand,no (already using new client),
clever-components,../clever-components/src/components/cc-addon-credentials/cc-addon-credentials.smart-keycloak.js,134,POST,/v4/addon-providers/addon-keycloak/addons/:XXX/networkgroup,"new client (Command pattern, already migrated)",CreateKeycloakNetworkGroupCommand,CreateKeycloakNetworkGroupCommand,no (already using new client),
clever-components,../clever-components/src/components/cc-addon-credentials/cc-addon-credentials.smart-keycloak.js,171,DELETE,/v4/addon-providers/addon-keycloak/addons/:XXX/networkgroup,"new client (Command pattern, already migrated)",DeleteKeycloakNetworkGroupCommand,DeleteKeycloakNetworkGroupCommand,no (already using new client),
clever-components,../clever-components/src/components/cc-addon-credentials/cc-addon-credentials.smart-materia-kv.js,53,GET,/v4/materia/organisations/:XXX/materia/databases/:XXX,"new client (Command pattern, already migrated)",GetMateriaInfoCommand,GetMateriaInfoCommand,no (already using new client),
clever-components,../clever-components/src/components/cc-addon-credentials/cc-addon-credentials.smart-otoroshi.js,122,GET,/v4/addon-providers/addon-otoroshi/addons/:XXX,"new client (Command pattern, already migrated)",GetOtoroshiInfoCommand,GetOtoroshiInfoCommand,no (already using new client),
clever-components,../clever-components/src/components/cc-addon-credentials/cc-addon-credentials.smart-otoroshi.js,172,POST,/v4/addon-providers/addon-otoroshi/addons/:XXX/networkgroup,"new client (Command pattern, already migrated)",CreateOtoroshiNetworkGroupCommand,CreateOtoroshiNetworkGroupCommand,no (already using new client),
clever-components,../clever-components/src/components/cc-addon-credentials/cc-addon-credentials.smart-otoroshi.js,209,DELETE,/v4/addon-providers/addon-otoroshi/addons/:XXX/networkgroup,"new client (Command pattern, already migrated)",DeleteOtoroshiNetworkGroupCommand,DeleteOtoroshiNetworkGroupCommand,no (already using new client),
clever-components,../clever-components/src/components/cc-addon-credentials/cc-addon-credentials.smart-pulsar.js,69,GET,/v4/addon-providers/addon-pulsar/addons/:XXX,"new client (Command pattern, already migrated)",GetPulsarInfoCommand,GetPulsarInfoCommand,no (already using new client),
clever-components,../clever-components/src/components/cc-addon-header/cc-addon-header.client.js,33,GET,/v2/organisations/:XXX/addons/:XXX,legacy client (@clevercloud/client esm/api/*),,GetAddonCommand,no (command already exists),
clever-components,../clever-components/src/components/cc-addon-header/cc-addon-header.client.js,43,GET,/v4/addon-providers/addon-:XXX/addons/:XXX,internal implementation (project-local reimplementation of esm/api function shape),getOperator,"per-provider commands exist, dispatch at runtime: keycloak->GetKeycloakInfoCommand, matomo->GetMatomoInfoCommand, metabase->GetMetabaseInfoCommand, otoroshi->GetOtoroshiInfoCommand, pulsar->GetPulsarInfoCommand",no for known providers (dispatch by provider); yes for any other provider,no generic command - the new client has one dedicated command per addon provider; caller must switch on the provider string to pick the right one
clever-components,../clever-components/src/components/cc-addon-header/cc-addon-header.client.js,53,GET,/v4/products/zones/:XXX,legacy client (@clevercloud/client esm/api/*),,GetZoneCommand,no (command already exists),
clever-components,../clever-components/src/components/cc-addon-header/cc-addon-header.client.js,77,POST,/v4/addon-providers/addon-:XXX/addons/:XXX/reboot,internal implementation (project-local reimplementation of esm/api function shape),rebootOperator,"per-provider commands exist, dispatch at runtime: keycloak->RebootKeycloakCommand, matomo->RebootMatomoCommand, metabase->RebootMetabaseCommand, otoroshi->RebootOtoroshiCommand",no for known providers (dispatch by provider); yes for any other provider,no generic command - the new client has one dedicated command per addon provider; caller must switch on the provider string to pick the right one
clever-components,../clever-components/src/components/cc-addon-header/cc-addon-header.client.js,84,POST,/v4/addon-providers/addon-:XXX/addons/:XXX/rebuild,internal implementation (project-local reimplementation of esm/api function shape),rebuildOperator,"per-provider commands exist, dispatch at runtime: keycloak->RebuildKeycloakCommand, matomo->RebuildMatomoCommand, metabase->RebuildMetabaseCommand, otoroshi->RebuildOtoroshiCommand",no for known providers (dispatch by provider); yes for any other provider,no generic command - the new client has one dedicated command per addon provider; caller must switch on the provider string to pick the right one
clever-components,../clever-components/src/components/cc-addon-header/cc-addon-header.smart-cellar.js,91,GET,/v4/cellar/organisations/:XXX/cellar/:XXX,internal implementation (project-local reimplementation of esm/api function shape),getCellarInfo,UNKNOWN (not found in command source tree or openapi/commands inventory - verify manually),yes (no command implementation found for this endpoint),
clever-components,../clever-components/src/components/cc-addon-header/cc-addon-header.smart-config-provider.js,31,GET,/v2/organisations/:XXX/addons/:XXX,"new client (Command pattern, already migrated)",GetAddonCommand,GetAddonCommand,no (already using new client),
clever-components,../clever-components/src/components/cc-addon-header/cc-addon-header.smart-config-provider.js,35,GET,/v4/products/zones/:XXX,"new client (Command pattern, already migrated)",GetZoneCommand,GetZoneCommand,no (already using new client),
clever-components,../clever-components/src/components/cc-addon-header/cc-addon-header.smart-elastic.js,46,GET,/v2/organisations/:XXX/addons/:XXX,"new client (Command pattern, already migrated)",GetAddonCommand,GetAddonCommand,no (already using new client),
clever-components,../clever-components/src/components/cc-addon-header/cc-addon-header.smart-elastic.js,50,GET,/v2/providers/es-addon/:XXX,"new client (Command pattern, already migrated)",GetElasticsearchInfoCommand,GetElasticsearchInfoCommand,no (already using new client),
clever-components,../clever-components/src/components/cc-addon-header/cc-addon-header.smart-elastic.js,51,GET,/v4/products/zones/:XXX,"new client (Command pattern, already migrated)",GetZoneCommand,GetZoneCommand,no (already using new client),
clever-components,../clever-components/src/components/cc-addon-header/cc-addon-header.smart-jenkins.js,42,GET,/v2/organisations/:XXX/addons/:XXX,"new client (Command pattern, already migrated)",GetAddonCommand,GetAddonCommand,no (already using new client),
clever-components,../clever-components/src/components/cc-addon-header/cc-addon-header.smart-jenkins.js,46,GET,/v4/addon-providers/jenkins/addons/:XXX,"new client (Command pattern, already migrated)",GetJenkinsInfoCommand,GetJenkinsInfoCommand,no (already using new client),
clever-components,../clever-components/src/components/cc-addon-header/cc-addon-header.smart-jenkins.js,47,GET,/v4/products/zones/:XXX,"new client (Command pattern, already migrated)",GetZoneCommand,GetZoneCommand,no (already using new client),
clever-components,../clever-components/src/components/cc-addon-header/cc-addon-header.smart-keycloak.js,55,GET,/v2/organisations/:XXX/addons/:XXX,"new client (Command pattern, already migrated)",GetAddonCommand,GetAddonCommand,no (already using new client),
clever-components,../clever-components/src/components/cc-addon-header/cc-addon-header.smart-keycloak.js,59,GET,/v4/addon-providers/addon-keycloak/addons/:XXX,"new client (Command pattern, already migrated)",GetKeycloakInfoCommand,GetKeycloakInfoCommand,no (already using new client),
clever-components,../clever-components/src/components/cc-addon-header/cc-addon-header.smart-keycloak.js,60,GET,/v4/products/zones/:XXX,"new client (Command pattern, already migrated)",GetZoneCommand,GetZoneCommand,no (already using new client),
clever-components,../clever-components/src/components/cc-addon-header/cc-addon-header.smart-keycloak.js,101,POST,/v4/addon-providers/addon-keycloak/addons/:XXX/reboot,"new client (Command pattern, already migrated)",RebootKeycloakCommand,RebootKeycloakCommand,no (already using new client),
clever-components,../clever-components/src/components/cc-addon-header/cc-addon-header.smart-keycloak.js,130,POST,/v4/addon-providers/addon-keycloak/addons/:XXX/rebuild,"new client (Command pattern, already migrated)",RebuildKeycloakCommand,RebuildKeycloakCommand,no (already using new client),
clever-components,../clever-components/src/components/cc-addon-header/cc-addon-header.smart-kubernetes.js,126,GET,/v4/kubernetes/organisations/:XXX/clusters/:XXX,internal implementation (project-local reimplementation of esm/api function shape),getKubeInfo,UNKNOWN (not found in command source tree or openapi/commands inventory - verify manually),yes (no command implementation found for this endpoint),
clever-components,../clever-components/src/components/cc-addon-header/cc-addon-header.smart-kubernetes.js,140,GET,/v4/kubernetes/organisations/:XXX/clusters/:XXX/kubeconfig/presigned-url,internal implementation (project-local reimplementation of esm/api function shape),getKubeConfig,UNKNOWN (not found in command source tree or openapi/commands inventory - verify manually),yes (no command implementation found for this endpoint),
clever-components,../clever-components/src/components/cc-addon-header/cc-addon-header.smart-materia-kv.js,41,GET,/v2/organisations/:XXX/addons/:XXX,"new client (Command pattern, already migrated)",GetAddonCommand,GetAddonCommand,no (already using new client),
clever-components,../clever-components/src/components/cc-addon-header/cc-addon-header.smart-materia-kv.js,45,GET,/v4/products/zones/:XXX,"new client (Command pattern, already migrated)",GetZoneCommand,GetZoneCommand,no (already using new client),
clever-components,../clever-components/src/components/cc-addon-header/cc-addon-header.smart-matomo.js,55,GET,/v2/organisations/:XXX/addons/:XXX,"new client (Command pattern, already migrated)",GetAddonCommand,GetAddonCommand,no (already using new client),
clever-components,../clever-components/src/components/cc-addon-header/cc-addon-header.smart-matomo.js,59,GET,/v4/addon-providers/addon-matomo/addons/:XXX,"new client (Command pattern, already migrated)",GetMatomoInfoCommand,GetMatomoInfoCommand,no (already using new client),
clever-components,../clever-components/src/components/cc-addon-header/cc-addon-header.smart-matomo.js,60,GET,/v4/products/zones/:XXX,"new client (Command pattern, already migrated)",GetZoneCommand,GetZoneCommand,no (already using new client),
clever-components,../clever-components/src/components/cc-addon-header/cc-addon-header.smart-matomo.js,101,POST,/v4/addon-providers/addon-matomo/addons/:XXX/reboot,"new client (Command pattern, already migrated)",RebootMatomoCommand,RebootMatomoCommand,no (already using new client),
clever-components,../clever-components/src/components/cc-addon-header/cc-addon-header.smart-matomo.js,130,POST,/v4/addon-providers/addon-matomo/addons/:XXX/rebuild,"new client (Command pattern, already migrated)",RebuildMatomoCommand,RebuildMatomoCommand,no (already using new client),
clever-components,../clever-components/src/components/cc-addon-header/cc-addon-header.smart-metabase.js,55,GET,/v2/organisations/:XXX/addons/:XXX,"new client (Command pattern, already migrated)",GetAddonCommand,GetAddonCommand,no (already using new client),
clever-components,../clever-components/src/components/cc-addon-header/cc-addon-header.smart-metabase.js,59,GET,/v4/addon-providers/addon-metabase/addons/:XXX,"new client (Command pattern, already migrated)",GetMetabaseInfoCommand,GetMetabaseInfoCommand,no (already using new client),
clever-components,../clever-components/src/components/cc-addon-header/cc-addon-header.smart-metabase.js,60,GET,/v4/products/zones/:XXX,"new client (Command pattern, already migrated)",GetZoneCommand,GetZoneCommand,no (already using new client),
clever-components,../clever-components/src/components/cc-addon-header/cc-addon-header.smart-metabase.js,101,POST,/v4/addon-providers/addon-metabase/addons/:XXX/reboot,"new client (Command pattern, already migrated)",RebootMetabaseCommand,RebootMetabaseCommand,no (already using new client),
clever-components,../clever-components/src/components/cc-addon-header/cc-addon-header.smart-metabase.js,130,POST,/v4/addon-providers/addon-metabase/addons/:XXX/rebuild,"new client (Command pattern, already migrated)",RebuildMetabaseCommand,RebuildMetabaseCommand,no (already using new client),
clever-components,../clever-components/src/components/cc-addon-header/cc-addon-header.smart-otoroshi.js,55,GET,/v2/organisations/:XXX/addons/:XXX,"new client (Command pattern, already migrated)",GetAddonCommand,GetAddonCommand,no (already using new client),
clever-components,../clever-components/src/components/cc-addon-header/cc-addon-header.smart-otoroshi.js,59,GET,/v4/addon-providers/addon-otoroshi/addons/:XXX,"new client (Command pattern, already migrated)",GetOtoroshiInfoCommand,GetOtoroshiInfoCommand,no (already using new client),
clever-components,../clever-components/src/components/cc-addon-header/cc-addon-header.smart-otoroshi.js,60,GET,/v4/products/zones/:XXX,"new client (Command pattern, already migrated)",GetZoneCommand,GetZoneCommand,no (already using new client),
clever-components,../clever-components/src/components/cc-addon-header/cc-addon-header.smart-otoroshi.js,101,POST,/v4/addon-providers/addon-otoroshi/addons/:XXX/reboot,"new client (Command pattern, already migrated)",RebootOtoroshiCommand,RebootOtoroshiCommand,no (already using new client),
clever-components,../clever-components/src/components/cc-addon-header/cc-addon-header.smart-otoroshi.js,130,POST,/v4/addon-providers/addon-otoroshi/addons/:XXX/rebuild,"new client (Command pattern, already migrated)",RebuildOtoroshiCommand,RebuildOtoroshiCommand,no (already using new client),
clever-components,../clever-components/src/components/cc-addon-header/cc-addon-header.smart-pulsar.js,34,GET,/v2/organisations/:XXX/addons/:XXX,"new client (Command pattern, already migrated)",GetAddonCommand,GetAddonCommand,no (already using new client),
clever-components,../clever-components/src/components/cc-addon-header/cc-addon-header.smart-pulsar.js,38,GET,/v4/products/zones/:XXX,"new client (Command pattern, already migrated)",GetZoneCommand,GetZoneCommand,no (already using new client),
clever-components,../clever-components/src/components/cc-addon-info/cc-addon-info.client.js,33,GET,/v2/organisations/:XXX/addons/:XXX,legacy client (@clevercloud/client esm/api/*),,GetAddonCommand,no (command already exists),
clever-components,../clever-components/src/components/cc-addon-info/cc-addon-info.client.js,82,GET,/v4/saas/grafana/:XXX,"new client (Command pattern, already migrated)",GetGrafanaCommand,GetGrafanaCommand,no (already using new client),
clever-components,../clever-components/src/components/cc-addon-info/cc-addon-info.smart-cellar.js,101,GET,/v4/cellar/organisations/:XXX/cellar/:XXX,internal implementation (project-local reimplementation of esm/api function shape),getCellarInfo,UNKNOWN (not found in command source tree or openapi/commands inventory - verify manually),yes (no command implementation found for this endpoint),
clever-components,../clever-components/src/components/cc-addon-info/cc-addon-info.smart-elastic.js,125,GET,/v2/organisations/:XXX/addons/:XXX,"new client (Command pattern, already migrated)",GetAddonCommand,GetAddonCommand,no (already using new client),
clever-components,../clever-components/src/components/cc-addon-info/cc-addon-info.smart-elastic.js,126,GET,/v2/providers/es-addon/:XXX,"new client (Command pattern, already migrated)",GetElasticsearchInfoCommand,GetElasticsearchInfoCommand,no (already using new client),
clever-components,../clever-components/src/components/cc-addon-info/cc-addon-info.smart-jenkins.js,75,GET,/v2/organisations/:XXX/addons/:XXX,"new client (Command pattern, already migrated)",GetAddonCommand,GetAddonCommand,no (already using new client),
clever-components,../clever-components/src/components/cc-addon-info/cc-addon-info.smart-jenkins.js,76,GET,/v4/addon-providers/jenkins/addons/:XXX,"new client (Command pattern, already migrated)",GetJenkinsInfoCommand,GetJenkinsInfoCommand,no (already using new client),
clever-components,../clever-components/src/components/cc-addon-info/cc-addon-info.smart-keycloak.js,79,GET,/v2/organisations/:XXX/addons/:XXX,"new client (Command pattern, already migrated)",GetAddonCommand,GetAddonCommand,no (already using new client),
clever-components,../clever-components/src/components/cc-addon-info/cc-addon-info.smart-keycloak.js,80,GET,/v4/addon-providers/addon-keycloak/addons/:XXX,"new client (Command pattern, already migrated)",GetKeycloakInfoCommand,GetKeycloakInfoCommand,no (already using new client),
clever-components,../clever-components/src/components/cc-addon-info/cc-addon-info.smart-keycloak.js,81,GET,/v4/addon-providers/addon-keycloak/addons/:XXX/version/check,"new client (Command pattern, already migrated)",CheckKeycloakVersionCommand,CheckKeycloakVersionCommand,no (already using new client),
clever-components,../clever-components/src/components/cc-addon-info/cc-addon-info.smart-keycloak.js,141,POST,/v4/addon-providers/addon-keycloak/addons/:XXX/version/update,"new client (Command pattern, already migrated)",UpdateKeycloakVersionCommand,UpdateKeycloakVersionCommand,no (already using new client),
clever-components,../clever-components/src/components/cc-addon-info/cc-addon-info.smart-keycloak.js,142,GET,/v4/addon-providers/addon-keycloak/addons/:XXX/version/check,"new client (Command pattern, already migrated)",CheckKeycloakVersionCommand,CheckKeycloakVersionCommand,no (already using new client),
clever-components,../clever-components/src/components/cc-addon-info/cc-addon-info.smart-kubernetes.js,84,GET,/v4/kubernetes/organisations/:XXX/clusters/:XXX,internal implementation (project-local reimplementation of esm/api function shape),getKubeInfo,UNKNOWN (not found in command source tree or openapi/commands inventory - verify manually),yes (no command implementation found for this endpoint),
clever-components,../clever-components/src/components/cc-addon-info/cc-addon-info.smart-materia-kv.js,45,GET,/v2/organisations/:XXX/addons/:XXX,"new client (Command pattern, already migrated)",GetAddonCommand,GetAddonCommand,no (already using new client),
clever-components,../clever-components/src/components/cc-addon-info/cc-addon-info.smart-matomo.js,85,GET,/v2/organisations/:XXX/addons/:XXX,"new client (Command pattern, already migrated)",GetAddonCommand,GetAddonCommand,no (already using new client),
clever-components,../clever-components/src/components/cc-addon-info/cc-addon-info.smart-matomo.js,86,GET,/v4/addon-providers/addon-matomo/addons/:XXX,"new client (Command pattern, already migrated)",GetMatomoInfoCommand,GetMatomoInfoCommand,no (already using new client),
clever-components,../clever-components/src/components/cc-addon-info/cc-addon-info.smart-metabase.js,89,GET,/v2/organisations/:XXX/addons/:XXX,"new client (Command pattern, already migrated)",GetAddonCommand,GetAddonCommand,no (already using new client),
clever-components,../clever-components/src/components/cc-addon-info/cc-addon-info.smart-metabase.js,90,GET,/v4/addon-providers/addon-metabase/addons/:XXX,"new client (Command pattern, already migrated)",GetMetabaseInfoCommand,GetMetabaseInfoCommand,no (already using new client),
clever-components,../clever-components/src/components/cc-addon-info/cc-addon-info.smart-metabase.js,91,GET,/v4/addon-providers/addon-metabase/addons/:XXX/version/check,"new client (Command pattern, already migrated)",CheckMetabaseVersionCommand,CheckMetabaseVersionCommand,no (already using new client),
clever-components,../clever-components/src/components/cc-addon-info/cc-addon-info.smart-metabase.js,146,POST,/v4/addon-providers/addon-metabase/addons/:XXX/version/update,"new client (Command pattern, already migrated)",UpdateMetabaseVersionCommand,UpdateMetabaseVersionCommand,no (already using new client),
clever-components,../clever-components/src/components/cc-addon-info/cc-addon-info.smart-metabase.js,147,GET,/v4/addon-providers/addon-metabase/addons/:XXX/version/check,"new client (Command pattern, already migrated)",CheckMetabaseVersionCommand,CheckMetabaseVersionCommand,no (already using new client),
clever-components,../clever-components/src/components/cc-addon-info/cc-addon-info.smart-otoroshi.js,83,GET,/v2/organisations/:XXX/addons/:XXX,"new client (Command pattern, already migrated)",GetAddonCommand,GetAddonCommand,no (already using new client),
clever-components,../clever-components/src/components/cc-addon-info/cc-addon-info.smart-otoroshi.js,84,GET,/v4/addon-providers/addon-otoroshi/addons/:XXX,"new client (Command pattern, already migrated)",GetOtoroshiInfoCommand,GetOtoroshiInfoCommand,no (already using new client),
clever-components,../clever-components/src/components/cc-addon-info/cc-addon-info.smart-otoroshi.js,85,GET,/v4/addon-providers/addon-otoroshi/addons/:XXX/version/check,"new client (Command pattern, already migrated)",CheckOtoroshiVersionCommand,CheckOtoroshiVersionCommand,no (already using new client),
clever-components,../clever-components/src/components/cc-addon-info/cc-addon-info.smart-otoroshi.js,140,POST,/v4/addon-providers/addon-otoroshi/addons/:XXX/version/update,"new client (Command pattern, already migrated)",UpdateOtoroshiVersionCommand,UpdateOtoroshiVersionCommand,no (already using new client),
clever-components,../clever-components/src/components/cc-addon-info/cc-addon-info.smart-otoroshi.js,141,GET,/v4/addon-providers/addon-otoroshi/addons/:XXX/version/check,"new client (Command pattern, already migrated)",CheckOtoroshiVersionCommand,CheckOtoroshiVersionCommand,no (already using new client),
clever-components,../clever-components/src/components/cc-addon-info/cc-addon-info.smart-pulsar.js,51,GET,/v2/organisations/:XXX/addons/:XXX,"new client (Command pattern, already migrated)",GetAddonCommand,GetAddonCommand,no (already using new client),
clever-components,../clever-components/src/components/cc-addon-info/cc-addon-info.smart-pulsar.js,52,GET,/v4/addon-providers/addon-pulsar/addons/:XXX,"new client (Command pattern, already migrated)",GetPulsarInfoCommand,GetPulsarInfoCommand,no (already using new client),
clever-components,../clever-components/src/components/cc-addon-linked-apps/cc-addon-linked-apps.smart.js,83,GET,/v4/products/zones,legacy client (@clevercloud/client esm/api/*),,ListZoneCommand,no (command already exists),
clever-components,../clever-components/src/components/cc-addon-linked-apps/cc-addon-linked-apps.smart.js,95,GET,/v2/organisations/:XXX/addons/:XXX/applications,legacy client (@clevercloud/client esm/api/*),,ListLinkCommand,no (command already exists),composite: this endpoint is merged with others behind one command; À fusionner
clever-components,../clever-components/src/components/cc-cellar-explorer/cc-cellar-explorer.client.js,36,GET,/v4/cellar/organisations/:XXX/cellar/:XXX/buckets,"internal implementation (hand-built request object, no named function)",listBuckets(),UNKNOWN (not found in command source tree or openapi/commands inventory - verify manually),yes (no command implementation found for this endpoint),
clever-components,../clever-components/src/components/cc-cellar-explorer/cc-cellar-explorer.client.js,51,GET,/v4/cellar/organisations/:XXX/cellar/:XXX/buckets/:XXX,"internal implementation (hand-built request object, no named function)",getBucket(),UNKNOWN (not found in command source tree or openapi/commands inventory - verify manually),yes (no command implementation found for this endpoint),
clever-components,../clever-components/src/components/cc-cellar-explorer/cc-cellar-explorer.client.js,71,POST,/v4/cellar/organisations/:XXX/cellar/:XXX/buckets,"internal implementation (hand-built request object, no named function)",createBucket(),UNKNOWN (not found in command source tree or openapi/commands inventory - verify manually),yes (no command implementation found for this endpoint),
clever-components,../clever-components/src/components/cc-cellar-explorer/cc-cellar-explorer.client.js,85,DELETE,/v4/cellar/organisations/:XXX/cellar/:XXX/buckets/:XXX,"internal implementation (hand-built request object, no named function)",deleteBucket(),UNKNOWN (not found in command source tree or openapi/commands inventory - verify manually),yes (no command implementation found for this endpoint),
clever-components,../clever-components/src/components/cc-cellar-explorer/cc-cellar-explorer.client.js,105,GET,/v4/cellar/organisations/:XXX/cellar/:XXX/buckets/:XXX/objects,"internal implementation (hand-built request object, no named function)",listObjects(),UNKNOWN (not found in command source tree or openapi/commands inventory - verify manually),yes (no command implementation found for this endpoint),
clever-components,../clever-components/src/components/cc-cellar-explorer/cc-cellar-explorer.client.js,121,GET,/v4/cellar/organisations/:XXX/cellar/:XXX/buckets/:XXX/objects/:XXX,"internal implementation (hand-built request object, no named function)",getObject(),UNKNOWN (not found in command source tree or openapi/commands inventory - verify manually),yes (no command implementation found for this endpoint),
clever-components,../clever-components/src/components/cc-cellar-explorer/cc-cellar-explorer.client.js,139,POST,/v4/cellar/organisations/:XXX/cellar/:XXX/buckets/:XXX/objects/download-url,"internal implementation (hand-built request object, no named function)",getObjectSignedUrl(),UNKNOWN (not found in command source tree or openapi/commands inventory - verify manually),yes (no command implementation found for this endpoint),
clever-components,../clever-components/src/components/cc-cellar-explorer/cc-cellar-explorer.client.js,154,DELETE,/v4/cellar/organisations/:XXX/cellar/:XXX/buckets/:XXX/objects/:XXX,"internal implementation (hand-built request object, no named function)",deleteObject(),UNKNOWN (not found in command source tree or openapi/commands inventory - verify manually),yes (no command implementation found for this endpoint),
clever-components,../clever-components/src/components/cc-cellar-explorer/cc-cellar-explorer.client.js,168,POST,/v4/cellar/organisations/:XXX/cellar/:XXX/buckets/:XXX/objects/:XXX/presigned-url,"internal implementation (hand-built request object, no named function)","uploadObject() step 1/2 (step 2 PUTs the file straight to the presigned URL, not a Clever Cloud API call)",UNKNOWN (not found in command source tree or openapi/commands inventory - verify manually),yes (no command implementation found for this endpoint),
clever-components,../clever-components/src/components/cc-cellar-explorer/cc-cellar-explorer.smart.js,148,GET,/v2/organisations/:XXX/addons/:XXX,legacy client (@clevercloud/client esm/api/*),,GetAddonCommand,no (command already exists),
clever-components,../clever-components/src/components/cc-domain-management/cc-domain-management.smart.js,257,PUT,/v2/organisations/:XXX/applications/:XXX/vhosts/:XXX,legacy client (@clevercloud/client esm/api/*),,CreateDomainCommand,no (command already exists),
clever-components,../clever-components/src/components/cc-domain-management/cc-domain-management.smart.js,269,DELETE,/v2/organisations/:XXX/applications/:XXX/vhosts/:XXX,legacy client (@clevercloud/client esm/api/*),,DeleteDomainCommand,no (command already exists),
clever-components,../clever-components/src/components/cc-domain-management/cc-domain-management.smart.js,281,DELETE,/v2/organisations/:XXX/applications/:XXX/vhosts/favourite,legacy client (@clevercloud/client esm/api/*),,UnsetPrimaryDomainCommand,no (command already exists),
clever-components,../clever-components/src/components/cc-domain-management/cc-domain-management.smart.js,283,PUT,/v2/organisations/:XXX/applications/:XXX/vhosts/favourite,legacy client (@clevercloud/client esm/api/*),,SetPrimaryDomainCommand,no (command already exists),
clever-components,../clever-components/src/components/cc-domain-management/cc-domain-management.smart.js,295,GET,/v4/load-balancers/organisations/:XXX/applications/:XXX/load-balancers/default,legacy client (@clevercloud/client esm/api/*),,GetLoadBalancerInfo,no (command already exists),
clever-components,../clever-components/src/components/cc-domain-management/cc-domain-management.smart.js,316,GET,/v2/organisations/:XXX/applications/:XXX/vhosts/favourite,legacy client (@clevercloud/client esm/api/*),,GetPrimaryDomainCommand,no (command already exists),
clever-components,../clever-components/src/components/cc-domain-management/cc-domain-management.smart.js,338,GET,/v2/organisations/:XXX/applications/:XXX/vhosts,legacy client (@clevercloud/client esm/api/*),,ListDomainCommand,no (command already exists),
clever-components,../clever-components/src/components/cc-email-list/cc-email-list.smart.js,285,GET,/v2/organisations/:XXX,legacy client (@clevercloud/client esm/api/*),,GetOrganisationCommand,no (command already exists),
clever-components,../clever-components/src/components/cc-email-list/cc-email-list.smart.js,292,GET,/v2/self/emails,legacy client (@clevercloud/client esm/api/*),,ListProfileEmailAddress,no (command already exists),
clever-components,../clever-components/src/components/cc-email-list/cc-email-list.smart.js,296,GET,/v2/self/confirmation_email,legacy client (@clevercloud/client esm/api/*),,RequestProfileEmailConfirmationCommand,no (command already exists),
clever-components,../clever-components/src/components/cc-email-list/cc-email-list.smart.js,303,PUT,/v2/self/emails/:XXX,legacy client (@clevercloud/client esm/api/*),,SetProfilePrimaryEmailAddressCommand/CreateProfileEmailAddressCommand,no (command already exists),Splitter : Create / Primary et Set
clever-components,../clever-components/src/components/cc-email-list/cc-email-list.smart.js,310,DELETE,/v2/self/emails/:XXX,legacy client (@clevercloud/client esm/api/*),,DeleteProfileEmailAddressCommand,no (command already exists),
clever-components,../clever-components/src/components/cc-email-list/cc-email-list.smart.js,317,PUT,/v2/self/emails/:XXX,legacy client (@clevercloud/client esm/api/*),,SetProfilePrimaryEmailAddressCommand/CreateProfileEmailAddressCommand,no (command already exists),Splitter : Create / Primary et Set
clever-components,../clever-components/src/components/cc-env-var-form/cc-env-var-form.smart-config-provider.js,102,GET,/v2/organisations/:XXX/addons/:XXX,legacy client (@clevercloud/client esm/api/*),,GetAddonCommand,no (command already exists),
clever-components,../clever-components/src/components/cc-env-var-form/cc-env-var-form.smart-config-provider.js,113,GET,/v4/addon-providers/config-provider/addons/:XXX/env,legacy client (@clevercloud/client esm/api/*),,GetConfigProviderCommand,no (command already exists),
clever-components,../clever-components/src/components/cc-env-var-form/cc-env-var-form.smart-config-provider.js,124,PUT,/v4/addon-providers/config-provider/addons/:XXX/env,legacy client (@clevercloud/client esm/api/*),,UpdateConfigProviderCommand,no (command already exists),
clever-components,../clever-components/src/components/cc-env-var-form/cc-env-var-form.smart-env-var-addon.js,56,GET,/v2/organisations/:XXX/addons/:XXX/env,legacy client (@clevercloud/client esm/api/*),,GetEnvironment,no (command already exists),composite: this endpoint is merged with others behind one command; Fusion avec app/addon et avec inlude links
clever-components,../clever-components/src/components/cc-env-var-form/cc-env-var-form.smart-env-var-app.js,144,GET,/v2/organisations/:XXX/applications/:XXX/env,legacy client (@clevercloud/client esm/api/*),,GetEnvironmentCommand,no (command already exists),Fusion avec app/addon et avec inlude links
clever-components,../clever-components/src/components/cc-env-var-form/cc-env-var-form.smart-env-var-app.js,151,PUT,/v2/organisations/:XXX/applications/:XXX/env,legacy client (@clevercloud/client esm/api/*),,UpdateEnvironmentCommand,no (command already exists),
clever-components,../clever-components/src/components/cc-env-var-form/cc-env-var-form.smart-env-var-app.js,158,GET,/v2/organisations/:XXX/applications/:XXX/deployments,legacy client (@clevercloud/client esm/api/*),,ListDeployment,no (command already exists),On regroupe
clever-components,../clever-components/src/components/cc-env-var-form/cc-env-var-form.smart-env-var-app.js,166,POST,/v2/organisations/:XXX/applications/:XXX/instances,legacy client (@clevercloud/client esm/api/*),,DeployApplicationCommand,no (command already exists),
clever-components,../clever-components/src/components/cc-env-var-form/cc-env-var-form.smart-exposed-config.js,90,GET,/v2/organisations/:XXX/applications/:XXX/exposed_env,legacy client (@clevercloud/client esm/api/*),,GetExposedEnvironmentCommand,no (command already exists),
clever-components,../clever-components/src/components/cc-env-var-form/cc-env-var-form.smart-exposed-config.js,111,PUT,/v2/organisations/:XXX/applications/:XXX/exposed_env,legacy client (@clevercloud/client esm/api/*),,UpdateExposedEnvironmentCommand,no (command already exists),
clever-components,../clever-components/src/components/cc-env-var-linked-services/cc-env-var-linked-services.smart-addon.js,70,GET,/v2/organisations/:XXX/applications/:XXX/addons/env,legacy client (@clevercloud/client esm/api/*),,GetEnvironment,no (command already exists),Fusion avec app/addon et avec inlude links
clever-components,../clever-components/src/components/cc-env-var-linked-services/cc-env-var-linked-services.smart-addon.js,89,GET,/v2/organisations/:XXX/applications/:XXX,legacy client (@clevercloud/client esm/api/*),,GetApplicationCommand,no (command already exists),composite: this endpoint is merged with others behind one command
clever-components,../clever-components/src/components/cc-env-var-linked-services/cc-env-var-linked-services.smart-app.js,70,GET,/v2/organisations/:XXX/applications/:XXX/dependencies/env,legacy client (@clevercloud/client esm/api/*),,GetEnvironment,no (command already exists),Fusion avec app/addon et avec inlude links
clever-components,../clever-components/src/components/cc-env-var-linked-services/cc-env-var-linked-services.smart-app.js,89,GET,/v2/organisations/:XXX/applications/:XXX,legacy client (@clevercloud/client esm/api/*),,GetApplicationCommand,no (command already exists),composite: this endpoint is merged with others behind one command
clever-components,../clever-components/src/components/cc-grafana-info/cc-grafana-info.smart.js,132,GET,/v4/saas/grafana/:XXX,legacy client (@clevercloud/client esm/api/*),,GetGrafanaCommand,no (command already exists),
clever-components,../clever-components/src/components/cc-grafana-info/cc-grafana-info.smart.js,161,POST,/v4/saas/grafana/:XXX/reset,legacy client (@clevercloud/client esm/api/*),,ResetGrafanaCommand,no (command already exists),
clever-components,../clever-components/src/components/cc-grafana-info/cc-grafana-info.smart.js,171,DELETE,/v4/saas/grafana/:XXX,legacy client (@clevercloud/client esm/api/*),,DisableGrafanaCommand,no (command already exists),
clever-components,../clever-components/src/components/cc-grafana-info/cc-grafana-info.smart.js,181,POST,/v4/saas/grafana/:XXX,legacy client (@clevercloud/client esm/api/*),,EnableGrafanaCommand,no (command already exists),
clever-components,../clever-components/src/components/cc-logs-app-runtime/cc-logs-app-runtime.smart.js,905,GET,/v4/orchestration/organisations/:XXX/applications/:XXX/deployments/:XXX,legacy client (@clevercloud/client esm/api/*),,GetDeploymentCommand,no (command already exists),
clever-components,../clever-components/src/components/cc-logs-app-runtime/cc-logs-app-runtime.smart.js,913,GET,/v2/organisations/:XXX/applications/:XXX/deployments/:XXX,legacy client (@clevercloud/client esm/api/*),,GetDeployment,no (command already exists),Used as a fallback of the v4 OrchestrationApplicationDeploymentGet
clever-components,../clever-components/src/components/cc-logs-app-runtime/cc-logs-app-runtime.smart.js,923,GET,/v4/orchestration/organisations/:XXX/applications/:XXX/instances,legacy client (@clevercloud/client esm/api/*),,ListApplicationInstanceCommand,no (command already exists),
clever-components,../clever-components/src/components/cc-logs-app-runtime/cc-logs-app-runtime.smart.js,934,GET,/v4/orchestration/organisations/:XXX/applications/:XXX/instances,legacy client (@clevercloud/client esm/api/*),,ListApplicationInstanceCommand,no (command already exists),
clever-components,../clever-components/src/components/cc-logs-app-runtime/cc-logs-app-runtime.smart.js,944,GET,/v4/orchestration/organisations/:XXX/applications/:XXX/instances/:XXX,legacy client (@clevercloud/client esm/api/*),,GetApplicationInstanceCommand,no (command already exists),
clever-components,../clever-components/src/components/cc-logsmap/cc-logsmap.smart.js,133,GET,/v4/stats/organisations/:XXX/requests,"new client (Command pattern, already migrated)",GetHeatMapCommand,GetHeatMapCommand,no (already using new client),
clever-components,../clever-components/src/components/cc-logsmap/cc-logsmap.smart.js,163,GET,/v4/stats/organisations/:XXX/requests-live,"new client (Command pattern, already migrated)",StreamRequestsCommand,StreamRequestsCommand,no (already using new client),
clever-components,../clever-components/src/components/cc-network-group-dashboard/cc-network-group-dashboard.smart.js,34,GET,/v4/networkgroups/organisations/:XXX/networkgroups/:XXX,"new client (Command pattern, already migrated)",GetNetworkGroupCommand,GetNetworkGroupCommand,no (already using new client),
clever-components,../clever-components/src/components/cc-network-group-dashboard/cc-network-group-dashboard.smart.js,63,DELETE,/v4/networkgroups/organisations/:XXX/networkgroups/:XXX,"new client (Command pattern, already migrated)",DeleteNetworkGroupCommand,DeleteNetworkGroupCommand,no (already using new client),
clever-components,../clever-components/src/components/cc-network-group-list/cc-network-group-list.smart.js,60,GET,/v2/organisations/:XXX/addons/:XXX,"new client (Command pattern, already migrated)",GetAddonCommand,GetAddonCommand,no (already using new client),
clever-components,../clever-components/src/components/cc-network-group-list/cc-network-group-list.smart.js,72,GET,/v4/networkgroups/organisations/:XXX/networkgroups,"new client (Command pattern, already migrated)",ListNetworkGroupCommand,ListNetworkGroupCommand,no (already using new client),
clever-components,../clever-components/src/components/cc-network-group-list/cc-network-group-list.smart.js,139,POST,/v4/networkgroups/organisations/:XXX/networkgroups/:XXX/members,"new client (Command pattern, already migrated)",CreateNetworkGroupMemberCommand,CreateNetworkGroupMemberCommand,no (already using new client),
clever-components,../clever-components/src/components/cc-network-group-list/cc-network-group-list.smart.js,174,DELETE,/v4/networkgroups/organisations/:XXX/networkgroups/:XXX/members/:XXX,"new client (Command pattern, already migrated)",DeleteNetworkGroupMemberCommand,DeleteNetworkGroupMemberCommand,no (already using new client),
clever-components,../clever-components/src/components/cc-network-group-member-list/cc-network-group-member-list.smart.js,223,POST,/v4/networkgroups/organisations/:XXX/networkgroups/:XXX/members,"new client (Command pattern, already migrated)",CreateNetworkGroupMemberCommand,CreateNetworkGroupMemberCommand,no (already using new client),
clever-components,../clever-components/src/components/cc-network-group-member-list/cc-network-group-member-list.smart.js,238,DELETE,/v4/networkgroups/organisations/:XXX/networkgroups/:XXX/members/:XXX,"new client (Command pattern, already migrated)",DeleteNetworkGroupMemberCommand,DeleteNetworkGroupMemberCommand,no (already using new client),
clever-components,../clever-components/src/components/cc-network-group-member-list/cc-network-group-member-list.smart.js,245,GET,/v4/networkgroups/organisations/:XXX/networkgroups/:XXX,"new client (Command pattern, already migrated)",GetNetworkGroupCommand,GetNetworkGroupCommand,no (already using new client),
clever-components,../clever-components/src/components/cc-network-group-member-list/cc-network-group-member-list.smart.js,262,GET,/v2/organisations/:XXX/applications,"new client (Command pattern, already migrated)",ListApplicationCommand,ListApplicationCommand,no (already using new client),
clever-components,../clever-components/src/components/cc-network-group-member-list/cc-network-group-member-list.smart.js,265,GET,/v2/organisations/:XXX/addons,"new client (Command pattern, already migrated)",ListAddonCommand,ListAddonCommand,no (already using new client),
clever-components,../clever-components/src/components/cc-network-group-member-list/cc-network-group-member-list.smart.js,305,GET,/v2/organisations/:XXX/applications/:XXX,"new client (Command pattern, already migrated)",GetApplicationCommand,GetApplicationCommand,no (already using new client),composite: this command merges multiple underlying API calls
clever-components,../clever-components/src/components/cc-network-group-member-list/cc-network-group-member-list.smart.js,320,GET,/v2/organisations/:XXX/addons/:XXX,"new client (Command pattern, already migrated)",GetAddonCommand,GetAddonCommand,no (already using new client),
clever-components,../clever-components/src/components/cc-network-group-member-list/cc-network-group-member-list.smart.js,377,GET,/v4/networkgroups/organisations/:XXX/networkgroups/:XXX/peers/:XXX/wireguard/configuration/presigned-url,"new client (Command pattern, already migrated)",GetNetworkGroupWireguardConfigurationUrlCommand,GetNetworkGroupWireguardConfigurationUrlCommand,no (already using new client),
clever-components,../clever-components/src/components/cc-oauth-consumer-form/cc-oauth-consumer-form.smart-create.js,89,POST,/v2/organisations/:XXX/consumers,legacy client (@clevercloud/client esm/api/*),,CreateOauthConsumer,no (command already exists),
clever-components,../clever-components/src/components/cc-oauth-consumer-form/cc-oauth-consumer-form.smart-update.js,142,GET,/v2/organisations/:XXX/consumers/:XXX,legacy client (@clevercloud/client esm/api/*),,GetOauthConsumerCommand,no (command already exists),composite: this endpoint is merged with others behind one command; On fusionne avec get secret
clever-components,../clever-components/src/components/cc-oauth-consumer-form/cc-oauth-consumer-form.smart-update.js,165,PUT,/v2/organisations/:XXX/consumers/:XXX,legacy client (@clevercloud/client esm/api/*),,UpdateOauthConsumerCommand,no (command already exists),
clever-components,../clever-components/src/components/cc-oauth-consumer-form/cc-oauth-consumer-form.smart-update.js,172,DELETE,/v2/organisations/:XXX/consumers/:XXX,legacy client (@clevercloud/client esm/api/*),,DeleteOauthConsumerCommand,no (command already exists),
clever-components,../clever-components/src/components/cc-oauth-consumer-info/cc-oauth-consumer-info.smart.js,99,GET,/v2/organisations/:XXX/consumers/:XXX,legacy client (@clevercloud/client esm/api/*),,GetOauthConsumerCommand,no (command already exists),composite: this endpoint is merged with others behind one command; On fusionne avec get secret
clever-components,../clever-components/src/components/cc-oauth-consumer-info/cc-oauth-consumer-info.smart.js,106,GET,/v2/organisations/:XXX/consumers/:XXX/secret,legacy client (@clevercloud/client esm/api/*),,GetOauthConsumerSecretCommand,no (command already exists),On fusionne avec get principal (maybe merge with OAuthConsumerGet with withSecret boolean param)
clever-components,../clever-components/src/components/cc-orga-member-list/cc-orga-member-list.smart.js,319,GET,/v2/self/id,legacy client (@clevercloud/client esm/api/*),,IGNORE,no (endpoint intentionally ignored/unused),Passer par juste le full get
clever-components,../clever-components/src/components/cc-orga-member-list/cc-orga-member-list.smart.js,320,GET,/v2/organisations/:XXX/members,legacy client (@clevercloud/client esm/api/*),,ListOrganisationMemberCommand,no (command already exists),
clever-components,../clever-components/src/components/cc-orga-member-list/cc-orga-member-list.smart.js,354,POST,/v2/organisations/:XXX/members,legacy client (@clevercloud/client esm/api/*),,AddOrganisationMemberCommand,no (command already exists),
clever-components,../clever-components/src/components/cc-orga-member-list/cc-orga-member-list.smart.js,365,DELETE,/v2/organisations/:XXX/members/:XXX,legacy client (@clevercloud/client esm/api/*),,RemoveOrganisationMemberCommand,no (command already exists),
clever-components,../clever-components/src/components/cc-orga-member-list/cc-orga-member-list.smart.js,377,PUT,/v2/organisations/:XXX/members/:XXX,legacy client (@clevercloud/client esm/api/*),,UpdateOrganisationMemberCommand,no (command already exists),
clever-components,../clever-components/src/components/cc-pricing-header/cc-pricing-header.smart.js,82,GET,/v4/products/zones,legacy client (@clevercloud/client esm/api/*),,ListZoneCommand,no (command already exists),
clever-components,../clever-components/src/components/cc-pricing-product/cc-pricing-product.smart-addon.js,83,GET,/v2/products/addonproviders,legacy client (@clevercloud/client esm/api/*),,ListProductAddonCommand,no (command already exists),
clever-components,../clever-components/src/components/cc-pricing-product/cc-pricing-product.smart-runtime.js,81,GET,/v2/products/instances,legacy client (@clevercloud/client esm/api/*),,ListProductRuntimeCommand,no (command already exists),
clever-components,../clever-components/src/components/cc-ssh-key-list/cc-ssh-key-list.smart.js,162,GET,/v2/organisations/:XXX,legacy client (@clevercloud/client esm/api/*),,GetOrganisationCommand,no (command already exists),
clever-components,../clever-components/src/components/cc-ssh-key-list/cc-ssh-key-list.smart.js,163,GET,/v2/self/keys,legacy client (@clevercloud/client esm/api/*),,ListPersonalSshKeyCommand,no (command already exists),
clever-components,../clever-components/src/components/cc-ssh-key-list/cc-ssh-key-list.smart.js,169,GET,/v2/github/keys,legacy client (@clevercloud/client esm/api/*),,ListGithubSshKeyCommand,no (command already exists),Handle 400 => tableau vide
clever-components,../clever-components/src/components/cc-ssh-key-list/cc-ssh-key-list.smart.js,184,PUT,/v2/self/keys/:XXX,legacy client (@clevercloud/client esm/api/*),,CreatePersonalSshKeyCommand,no (command already exists),
clever-components,../clever-components/src/components/cc-ssh-key-list/cc-ssh-key-list.smart.js,197,DELETE,/v2/self/keys/:XXX,legacy client (@clevercloud/client esm/api/*),,DeletePersonalSshKeyCommand,no (command already exists),
clever-components,../clever-components/src/components/cc-tcp-redirection-form/cc-tcp-redirection-form.smart.js,125,GET,/v2/organisations/:XXX/namespaces,legacy client (@clevercloud/client esm/api/*),,ListTcpRedirectionNamespaceCommand,no (command already exists),
clever-components,../clever-components/src/components/cc-tcp-redirection-form/cc-tcp-redirection-form.smart.js,126,GET,/v2/organisations/:XXX/applications/:XXX/tcpRedirs,legacy client (@clevercloud/client esm/api/*),,ListTcpRedirectionCommand,no (command already exists),
clever-components,../clever-components/src/components/cc-tcp-redirection-form/cc-tcp-redirection-form.smart.js,148,POST,/v2/organisations/:XXX/applications/:XXX/tcpRedirs,legacy client (@clevercloud/client esm/api/*),,CreateTcpRedirectionCommand,no (command already exists),
clever-components,../clever-components/src/components/cc-tcp-redirection-form/cc-tcp-redirection-form.smart.js,161,DELETE,/v2/organisations/:XXX/applications/:XXX/tcpRedirs/:XXX,legacy client (@clevercloud/client esm/api/*),,DeleteTcpRedirectionCommand,no (command already exists),
clever-components,../clever-components/src/components/cc-tile-metrics/cc-tile-metrics.smart.js,78,GET,/v4/stats/organisations/:XXX/resources/:XXX/metrics,"new client (Command pattern, already migrated)",GetMetricsCommand,GetMetricsCommand,no (already using new client),
clever-components,../clever-components/src/components/cc-tile-metrics/cc-tile-metrics.smart.js,105,GET,/v4/saas/grafana/:XXX,legacy client (@clevercloud/client esm/api/*),,GetGrafanaCommand,no (command already exists),
clever-components,../clever-components/src/components/cc-tile-requests/cc-tile-requests.smart.js,53,GET,/v4/stats/organisations/:XXX/http-status-codes,"new client (Command pattern, already migrated)",GetStatusCodeDistributionCommand,GetStatusCodeDistributionCommand,no (already using new client),
clever-components,../clever-components/src/components/cc-tile-status-codes/cc-tile-status-codes.smart.js,50,GET,/v4/stats/organisations/:XXX/http-status-codes,"new client (Command pattern, already migrated)",GetStatusCodeDistributionCommand,GetStatusCodeDistributionCommand,no (already using new client),
clever-components,../clever-components/src/components/cc-token-api-creation-form/cc-token-api-creation-form.smart.js,149,GET,/v2/organisations/:XXX,legacy client (@clevercloud/client esm/api/*),,GetOrganisationCommand,no (command already exists),
clever-components,../clever-components/src/components/cc-token-api-list/cc-token-api-list.smart.js,130,GET,/v2/organisations/:XXX,legacy client (@clevercloud/client esm/api/*),,GetOrganisationCommand,no (command already exists),
clever-components,../clever-components/src/components/cc-token-api-list/cc-token-api-list.smart.js,207,POST,/v2/password_forgotten,"internal implementation (hand-built request object, no named function)",_resetPasswordRequest(),IGNORE,no (endpoint intentionally ignored/unused),C'est un POST de formulaire; ça devrait pas être dispo dans le client
clever-components,../clever-components/src/components/cc-token-oauth-list/cc-token-oauth-list.smart.js,156,GET,/v2/self/tokens,legacy client (@clevercloud/client esm/api/*),,ListOauthTokenCommand,no (command already exists),
clever-components,../clever-components/src/components/cc-token-oauth-list/cc-token-oauth-list.smart.js,190,DELETE,/v2/self/tokens/:XXX,legacy client (@clevercloud/client esm/api/*),,DeleteToken,no (command already exists),A fusionner avec Token Delete
clever-components,../clever-components/src/components/cc-token-session-list/cc-token-session-list.smart.js,157,GET,/v2/self/tokens,legacy client (@clevercloud/client esm/api/*),,ListOauthTokenCommand,no (command already exists),
clever-components,../clever-components/src/components/cc-token-session-list/cc-token-session-list.smart.js,193,DELETE,/v2/self/tokens/:XXX,legacy client (@clevercloud/client esm/api/*),,DeleteToken,no (command already exists),A fusionner avec Token Delete
clever-components,../clever-components/src/lib/api-helpers.js,26,GET,/v2/organisations/:XXX/applications/:XXX,legacy client (@clevercloud/client esm/api/*),,GetApplicationCommand,no (command already exists),composite: this endpoint is merged with others behind one command
clever-components,../clever-components/src/lib/api-helpers.js,38,GET,/v4/billing/organisations/:XXX/invoices/:XXX,legacy client (@clevercloud/client esm/api/*),,GetInvoiceCommand,no (command already exists),equivalent to [GET] /v4/billing/organisations/:XXX/invoices/:XXX
clever-components,../clever-components/src/lib/api-helpers.js,52,GET,/v4/billing/organisations/:XXX/invoices/:XXX,legacy client (@clevercloud/client esm/api/*),,GetInvoiceCommand,no (command already exists),equivalent to [GET] /v4/billing/organisations/:XXX/invoices/:XXX
clever-components,../clever-components/src/lib/api-helpers.js,64,GET,/v4/billing/organisations/:XXX/invoices,legacy client (@clevercloud/client esm/api/*),,ListInvoiceCommand,no (command already exists),composite: this endpoint is merged with others behind one command; À regrouper
clever-components,../clever-components/src/lib/api-helpers.js,134,GET,/v4/billing/price-system,legacy client (@clevercloud/client esm/api/*),,GetPriceSystem,no (command already exists),À regrouper
clever-tools,../clever-tools/src/commands/addon/addon.create.command.js,193,GET,/v4/addon-providers/addon-:XXX/addons/:XXX,internal implementation (project-local reimplementation of esm/api function shape),getOperator,"per-provider commands exist, dispatch at runtime: keycloak->GetKeycloakInfoCommand, matomo->GetMatomoInfoCommand, metabase->GetMetabaseInfoCommand, otoroshi->GetOtoroshiInfoCommand, pulsar->GetPulsarInfoCommand",no for known providers (dispatch by provider); yes for any other provider,no generic command - the new client has one dedicated command per addon provider; caller must switch on the provider string to pick the right one
clever-tools,../clever-tools/src/commands/addon/addon.env.command.js,30,GET,/v2/organisations/:XXX/addons/:XXX/env,legacy client (@clevercloud/client esm/api/*),,GetEnvironment,no (command already exists),composite: this endpoint is merged with others behind one command; Fusion avec app/addon et avec inlude links
clever-tools,../clever-tools/src/commands/cancel-deploy/cancel-deploy.command.js,21,GET,/v2/organisations/:XXX/applications/:XXX/deployments,legacy client (@clevercloud/client esm/api/*),,ListDeployment,no (command already exists),On regroupe
clever-tools,../clever-tools/src/commands/cancel-deploy/cancel-deploy.command.js,27,DELETE,/v2/organisations/:XXX/applications/:XXX/deployments/:XXX/instances,legacy client (@clevercloud/client esm/api/*),,CancelDeploymentCommand,no (command already exists),
clever-tools,../clever-tools/src/commands/config-provider/config-provider.get.command.js,22,GET,/v4/addon-providers/config-provider/addons/:XXX/env,legacy client (@clevercloud/client esm/api/*),,GetConfigProviderCommand,no (command already exists),
clever-tools,../clever-tools/src/commands/config-provider/config-provider.import.command.js,36,PUT,/v4/addon-providers/config-provider/addons/:XXX/env,legacy client (@clevercloud/client esm/api/*),,UpdateConfigProviderCommand,no (command already exists),
clever-tools,../clever-tools/src/commands/config-provider/config-provider.rm.command.js,18,GET,/v4/addon-providers/config-provider/addons/:XXX/env,legacy client (@clevercloud/client esm/api/*),,GetConfigProviderCommand,no (command already exists),
clever-tools,../clever-tools/src/commands/config-provider/config-provider.rm.command.js,21,PUT,/v4/addon-providers/config-provider/addons/:XXX/env,legacy client (@clevercloud/client esm/api/*),,UpdateConfigProviderCommand,no (command already exists),
clever-tools,../clever-tools/src/commands/config-provider/config-provider.set.command.js,24,GET,/v4/addon-providers/config-provider/addons/:XXX/env,legacy client (@clevercloud/client esm/api/*),,GetConfigProviderCommand,no (command already exists),
clever-tools,../clever-tools/src/commands/config-provider/config-provider.set.command.js,33,PUT,/v4/addon-providers/config-provider/addons/:XXX/env,legacy client (@clevercloud/client esm/api/*),,UpdateConfigProviderCommand,no (command already exists),
clever-tools,../clever-tools/src/commands/database/database.backups.command.js,23,GET,/v2/backups/:XXX/:XXX,legacy client (@clevercloud/client esm/api/*),,ListBackupCommand,no (command already exists),Database au lieu de Addon car c'est un truc qui ne fonctionne que pour certains Addon (juste une idée)
clever-tools,../clever-tools/src/commands/database/database.backups.download.command.js,40,GET,/v2/backups/:XXX/:XXX,legacy client (@clevercloud/client esm/api/*),,ListBackupCommand,no (command already exists),Database au lieu de Addon car c'est un truc qui ne fonctionne que pour certains Addon (juste une idée)
clever-tools,../clever-tools/src/commands/deploy/deploy.command.js,120,GET,/v2/organisations/:XXX/applications/:XXX/deployments,legacy client (@clevercloud/client esm/api/*),,ListDeployment,no (command already exists),On regroupe
clever-tools,../clever-tools/src/commands/diag/diag.command.js,59,GET,/v2/organisations/:XXX,legacy client (@clevercloud/client esm/api/*),,GetOrganisationCommand,no (command already exists),
clever-tools,../clever-tools/src/commands/domain/domain.add.command.js,22,PUT,/v2/organisations/:XXX/applications/:XXX/vhosts/:XXX,legacy client (@clevercloud/client esm/api/*),,CreateDomainCommand,no (command already exists),
clever-tools,../clever-tools/src/commands/domain/domain.command.js,22,GET,/v2/organisations/:XXX/applications/:XXX,legacy client (@clevercloud/client esm/api/*),,GetApplicationCommand,no (command already exists),composite: this endpoint is merged with others behind one command
clever-tools,../clever-tools/src/commands/domain/domain.diag.command.js,149,GET,/v2/organisations/:XXX/applications/:XXX,legacy client (@clevercloud/client esm/api/*),,GetApplicationCommand,no (command already exists),composite: this endpoint is merged with others behind one command
clever-tools,../clever-tools/src/commands/domain/domain.diag.command.js,150,GET,/v4/load-balancers/organisations/:XXX/applications/:XXX/load-balancers/default,legacy client (@clevercloud/client esm/api/*),,GetLoadBalancerInfo,no (command already exists),
clever-tools,../clever-tools/src/commands/domain/domain.favourite.set.command.js,21,PUT,/v2/organisations/:XXX/applications/:XXX/vhosts/favourite,legacy client (@clevercloud/client esm/api/*),,SetPrimaryDomainCommand,no (command already exists),
clever-tools,../clever-tools/src/commands/domain/domain.favourite.unset.command.js,20,DELETE,/v2/organisations/:XXX/applications/:XXX/vhosts/favourite,legacy client (@clevercloud/client esm/api/*),,UnsetPrimaryDomainCommand,no (command already exists),
clever-tools,../clever-tools/src/commands/domain/domain.overview.command.js,67,GET,/v2/summary,legacy client (@clevercloud/client esm/api/*),,GetOrganisationSummariesCommand,no (command already exists),
clever-tools,../clever-tools/src/commands/domain/domain.overview.command.js,83,GET,/v2/organisations/:XXX/applications/:XXX/vhosts,legacy client (@clevercloud/client esm/api/*),,ListDomainCommand,no (command already exists),
clever-tools,../clever-tools/src/commands/domain/domain.rm.command.js,22,DELETE,/v2/organisations/:XXX/applications/:XXX/vhosts/:XXX,legacy client (@clevercloud/client esm/api/*),,DeleteDomainCommand,no (command already exists),
clever-tools,../clever-tools/src/commands/drain/drain.command.js,27,GET,/v4/drains/organisations/:XXX/resources/:XXX/drains,internal implementation (project-local reimplementation of esm/api function shape),getDrains,UNKNOWN (not found in command source tree or openapi/commands inventory - verify manually),yes (no command implementation found for this endpoint),
clever-tools,../clever-tools/src/commands/drain/drain.create.command.js,121,POST,/v4/drains/organisations/:XXX/resources/:XXX/drains,internal implementation (project-local reimplementation of esm/api function shape),createDrain,UNKNOWN (not found in command source tree or openapi/commands inventory - verify manually),yes (no command implementation found for this endpoint),
clever-tools,../clever-tools/src/commands/drain/drain.disable.command.js,23,PUT,/v4/drains/organisations/:XXX/resources/:XXX/drains/:XXX/disable,internal implementation (project-local reimplementation of esm/api function shape),disableDrain,UNKNOWN (not found in command source tree or openapi/commands inventory - verify manually),yes (no command implementation found for this endpoint),
clever-tools,../clever-tools/src/commands/drain/drain.enable.command.js,23,PUT,/v4/drains/organisations/:XXX/resources/:XXX/drains/:XXX/enable,internal implementation (project-local reimplementation of esm/api function shape),enableDrain,UNKNOWN (not found in command source tree or openapi/commands inventory - verify manually),yes (no command implementation found for this endpoint),
clever-tools,../clever-tools/src/commands/drain/drain.get.command.js,28,GET,/v4/drains/organisations/:XXX/resources/:XXX/drains/:XXX,internal implementation (project-local reimplementation of esm/api function shape),getDrain,UNKNOWN (not found in command source tree or openapi/commands inventory - verify manually),yes (no command implementation found for this endpoint),
clever-tools,../clever-tools/src/commands/drain/drain.remove.command.js,23,DELETE,/v4/drains/organisations/:XXX/resources/:XXX/drains/:XXX,internal implementation (project-local reimplementation of esm/api function shape),deleteDrain,UNKNOWN (not found in command source tree or openapi/commands inventory - verify manually),yes (no command implementation found for this endpoint),
clever-tools,../clever-tools/src/commands/emails/emails.add.command.js,15,PUT,/v2/self/emails/:XXX,legacy client (@clevercloud/client esm/api/*),,SetProfilePrimaryEmailAddressCommand/CreateProfileEmailAddressCommand,no (command already exists),Splitter : Create / Primary et Set
clever-tools,../clever-tools/src/commands/emails/emails.primary.command.js,25,PUT,/v2/self/emails/:XXX,legacy client (@clevercloud/client esm/api/*),,SetProfilePrimaryEmailAddressCommand/CreateProfileEmailAddressCommand,no (command already exists),Splitter : Create / Primary et Set
clever-tools,../clever-tools/src/commands/emails/emails.remove-all.command.js,37,DELETE,/v2/self/emails/:XXX,legacy client (@clevercloud/client esm/api/*),,DeleteProfileEmailAddressCommand,no (command already exists),
clever-tools,../clever-tools/src/commands/emails/emails.remove.command.js,21,DELETE,/v2/self/emails/:XXX,legacy client (@clevercloud/client esm/api/*),,DeleteProfileEmailAddressCommand,no (command already exists),
clever-tools,../clever-tools/src/commands/env/env.command.js,35,GET,/v2/organisations/:XXX/applications/:XXX/env,legacy client (@clevercloud/client esm/api/*),,GetEnvironmentCommand,no (command already exists),Fusion avec app/addon et avec inlude links
clever-tools,../clever-tools/src/commands/env/env.command.js,36,GET,/v2/organisations/:XXX/applications/:XXX/addons/env,legacy client (@clevercloud/client esm/api/*),,GetEnvironment,no (command already exists),Fusion avec app/addon et avec inlude links
clever-tools,../clever-tools/src/commands/env/env.command.js,37,GET,/v2/organisations/:XXX/applications/:XXX/dependencies/env,legacy client (@clevercloud/client esm/api/*),,GetEnvironment,no (command already exists),Fusion avec app/addon et avec inlude links
clever-tools,../clever-tools/src/commands/env/env.import-vars.command.js,40,PUT,/v2/organisations/:XXX/applications/:XXX/env/:XXX,legacy client (@clevercloud/client esm/api/*),,CreateOrUpdateEnvironmentVariableCommand,no (command already exists),On devrait arreter ça à terme coté CLI
clever-tools,../clever-tools/src/commands/env/env.import.command.js,25,PUT,/v2/organisations/:XXX/applications/:XXX/env,legacy client (@clevercloud/client esm/api/*),,UpdateEnvironmentCommand,no (command already exists),
clever-tools,../clever-tools/src/commands/env/env.rm.command.js,21,DELETE,/v2/organisations/:XXX/applications/:XXX/env/:XXX,legacy client (@clevercloud/client esm/api/*),,DeleteEnvironmentVariableCommand,no (command already exists),On devrait arreter ça à terme coté CLI
clever-tools,../clever-tools/src/commands/env/env.set.command.js,28,PUT,/v2/organisations/:XXX/applications/:XXX/env/:XXX,legacy client (@clevercloud/client esm/api/*),,CreateOrUpdateEnvironmentVariableCommand,no (command already exists),On devrait arreter ça à terme coté CLI
clever-tools,../clever-tools/src/commands/kv/kv.command.js,17,GET,/v2/organisations/:XXX/addons/:XXX/env,legacy client (@clevercloud/client esm/api/*),,GetEnvironment,no (command already exists),composite: this endpoint is merged with others behind one command; Fusion avec app/addon et avec inlude links
clever-tools,../clever-tools/src/commands/login/login.command.js,163,GET,/v2/self,legacy client (@clevercloud/client esm/api/*),"getUser({}) via sendToApiWithConfig (non-standard sendToApi alias, missed by static scan)",ListProfileEmailAddressCommand/GetProfileCommand,no (command already exists),
clever-tools,../clever-tools/src/commands/notify-email/notify-email.add.command.js,64,POST,/v2/notifications/emailhooks/:XXX,legacy client (@clevercloud/client esm/api/*),,CreateEmailNotificationCommand,no (command already exists),
clever-tools,../clever-tools/src/commands/notify-email/notify-email.command.js,22,GET,/v2/notifications/emailhooks/:XXX,legacy client (@clevercloud/client esm/api/*),,ListEmailNotificationCommand,no (command already exists),
clever-tools,../clever-tools/src/commands/notify-email/notify-email.remove.command.js,20,DELETE,/v2/notifications/emailhooks/:XXX/:XXX,legacy client (@clevercloud/client esm/api/*),,DeleteEmailNotificationCommand,no (command already exists),
clever-tools,../clever-tools/src/commands/oauth-consumers/oauth-consumers.create.command.js,47,POST,/v2/organisations/:XXX/consumers,legacy client (@clevercloud/client esm/api/*),,CreateOauthConsumer,no (command already exists),
clever-tools,../clever-tools/src/commands/oauth-consumers/oauth-consumers.delete.command.js,30,DELETE,/v2/organisations/:XXX/consumers/:XXX,legacy client (@clevercloud/client esm/api/*),,DeleteOauthConsumerCommand,no (command already exists),
clever-tools,../clever-tools/src/commands/oauth-consumers/oauth-consumers.get.command.js,29,GET,/v2/organisations/:XXX/consumers/:XXX/secret,legacy client (@clevercloud/client esm/api/*),,GetOauthConsumerSecretCommand,no (command already exists),On fusionne avec get principal (maybe merge with OAuthConsumerGet with withSecret boolean param)
clever-tools,../clever-tools/src/commands/oauth-consumers/oauth-consumers.update.command.js,65,PUT,/v2/organisations/:XXX/consumers/:XXX,legacy client (@clevercloud/client esm/api/*),,UpdateOauthConsumerCommand,no (command already exists),
clever-tools,../clever-tools/src/commands/published-config/published-config.command.js,22,GET,/v2/organisations/:XXX/applications/:XXX/exposed_env,legacy client (@clevercloud/client esm/api/*),,GetExposedEnvironmentCommand,no (command already exists),
clever-tools,../clever-tools/src/commands/published-config/published-config.import.command.js,25,PUT,/v2/organisations/:XXX/applications/:XXX/exposed_env,legacy client (@clevercloud/client esm/api/*),,UpdateExposedEnvironmentCommand,no (command already exists),
clever-tools,../clever-tools/src/commands/published-config/published-config.rm.command.js,21,GET,/v2/organisations/:XXX/applications/:XXX/exposed_env,legacy client (@clevercloud/client esm/api/*),,GetExposedEnvironmentCommand,no (command already exists),
clever-tools,../clever-tools/src/commands/published-config/published-config.rm.command.js,23,PUT,/v2/organisations/:XXX/applications/:XXX/exposed_env,legacy client (@clevercloud/client esm/api/*),,UpdateExposedEnvironmentCommand,no (command already exists),
clever-tools,../clever-tools/src/commands/published-config/published-config.set.command.js,28,GET,/v2/organisations/:XXX/applications/:XXX/exposed_env,legacy client (@clevercloud/client esm/api/*),,GetExposedEnvironmentCommand,no (command already exists),
clever-tools,../clever-tools/src/commands/published-config/published-config.set.command.js,30,PUT,/v2/organisations/:XXX/applications/:XXX/exposed_env,legacy client (@clevercloud/client esm/api/*),,UpdateExposedEnvironmentCommand,no (command already exists),
clever-tools,../clever-tools/src/commands/ssh-keys/ssh-keys.add.command.js,31,PUT,/v2/self/keys/:XXX,legacy client (@clevercloud/client esm/api/*),,CreatePersonalSshKeyCommand,no (command already exists),
clever-tools,../clever-tools/src/commands/ssh-keys/ssh-keys.remove-all.command.js,37,DELETE,/v2/self/keys/:XXX,legacy client (@clevercloud/client esm/api/*),,DeletePersonalSshKeyCommand,no (command already exists),
clever-tools,../clever-tools/src/commands/ssh-keys/ssh-keys.remove.command.js,22,DELETE,/v2/self/keys/:XXX,legacy client (@clevercloud/client esm/api/*),,DeletePersonalSshKeyCommand,no (command already exists),
clever-tools,../clever-tools/src/commands/ssh/ssh.command.js,39,GET,/v2/organisations/:XXX/applications/:XXX/instances,legacy client (@clevercloud/client esm/api/*),,ListInstance,no (command already exists),À mettre en legacy et fusionner avec le endpoint full orga
clever-tools,../clever-tools/src/commands/status/status.command.js,84,GET,/v2/organisations/:XXX/applications/:XXX/instances,legacy client (@clevercloud/client esm/api/*),,ListInstance,no (command already exists),À mettre en legacy et fusionner avec le endpoint full orga
clever-tools,../clever-tools/src/commands/status/status.command.js,85,GET,/v2/organisations/:XXX/applications/:XXX,legacy client (@clevercloud/client esm/api/*),,GetApplicationCommand,no (command already exists),composite: this endpoint is merged with others behind one command
clever-tools,../clever-tools/src/commands/stop/stop.command.js,20,DELETE,/v2/organisations/:XXX/applications/:XXX/instances,legacy client (@clevercloud/client esm/api/*),,UndeployApplicationCommand,no (command already exists),
clever-tools,../clever-tools/src/commands/tcp-redirs/tcp-redirs.add.command.js,21,POST,/v2/organisations/:XXX/applications/:XXX/tcpRedirs,legacy client (@clevercloud/client esm/api/*),,CreateTcpRedirectionCommand,no (command already exists),
clever-tools,../clever-tools/src/commands/tcp-redirs/tcp-redirs.command.js,21,GET,/v2/organisations/:XXX/applications/:XXX/tcpRedirs,legacy client (@clevercloud/client esm/api/*),,ListTcpRedirectionCommand,no (command already exists),
clever-tools,../clever-tools/src/commands/tcp-redirs/tcp-redirs.remove.command.js,30,DELETE,/v2/organisations/:XXX/applications/:XXX/tcpRedirs/:XXX,legacy client (@clevercloud/client esm/api/*),,DeleteTcpRedirectionCommand,no (command already exists),
clever-tools,../clever-tools/src/commands/webhooks/webhooks.add.command.js,50,POST,/v2/notifications/webhooks/:XXX,legacy client (@clevercloud/client esm/api/*),,CreateWebhookNotificationCommand,no (command already exists),
clever-tools,../clever-tools/src/commands/webhooks/webhooks.command.js,22,GET,/v2/notifications/webhooks/:XXX,legacy client (@clevercloud/client esm/api/*),,ListWebhookNotificationCommand,no (command already exists),
clever-tools,../clever-tools/src/commands/webhooks/webhooks.remove.command.js,20,DELETE,/v2/notifications/webhooks/:XXX/:XXX,legacy client (@clevercloud/client esm/api/*),,DeleteWebhookNotificationCommand,no (command already exists),
clever-tools,../clever-tools/src/lib/k8s.js,38,GET,/v4/kubernetes/organisations/:XXX/clusters/:XXX,internal implementation (project-local reimplementation of esm/api function shape),getK8sAddon,UNKNOWN (not found in command source tree or openapi/commands inventory - verify manually),yes (no command implementation found for this endpoint),
clever-tools,../clever-tools/src/lib/k8s.js,108,POST,/v4/kubernetes/organisations/:XXX/clusters,internal implementation (project-local reimplementation of esm/api function shape),createK8sCluster,UNKNOWN (not found in command source tree or openapi/commands inventory - verify manually),yes (no command implementation found for this endpoint),
clever-tools,../clever-tools/src/lib/k8s.js,158,GET,/v4/kubernetes-product,internal implementation (project-local reimplementation of esm/api function shape),getK8sProduct,UNKNOWN (not found in command source tree or openapi/commands inventory - verify manually),yes (no command implementation found for this endpoint),
clever-tools,../clever-tools/src/lib/k8s.js,168,GET,/v4/kubernetes/organisations/:XXX/clusters,internal implementation (project-local reimplementation of esm/api function shape),listK8sClusters,UNKNOWN (not found in command source tree or openapi/commands inventory - verify manually),yes (no command implementation found for this endpoint),
clever-tools,../clever-tools/src/lib/k8s.js,183,GET,/v4/kubernetes/organisations/:XXX/clusters/:XXX,internal implementation (project-local reimplementation of esm/api function shape),getK8sAddon,UNKNOWN (not found in command source tree or openapi/commands inventory - verify manually),yes (no command implementation found for this endpoint),
clever-tools,../clever-tools/src/lib/k8s.js,196,GET,/v4/kubernetes/organisations/:XXX/clusters/:XXX/kubeconfig.yaml,internal implementation (project-local reimplementation of esm/api function shape),getK8sConfig,UNKNOWN (not found in command source tree or openapi/commands inventory - verify manually),yes (no command implementation found for this endpoint),
clever-tools,../clever-tools/src/lib/k8s.js,210,PATCH,/v4/kubernetes/organisations/:XXX/clusters/:XXX,internal implementation (project-local reimplementation of esm/api function shape),updateK8sCluster,UNKNOWN (not found in command source tree or openapi/commands inventory - verify manually),yes (no command implementation found for this endpoint),
clever-tools,../clever-tools/src/lib/k8s.js,223,DELETE,/v4/kubernetes/organisations/:XXX/clusters/:XXX,internal implementation (project-local reimplementation of esm/api function shape),deleteK8sCluster,UNKNOWN (not found in command source tree or openapi/commands inventory - verify manually),yes (no command implementation found for this endpoint),
clever-tools,../clever-tools/src/lib/k8s.js,239,GET,/v4/kubernetes/organisations/:XXX/clusters,internal implementation (project-local reimplementation of esm/api function shape),listK8sClusters,UNKNOWN (not found in command source tree or openapi/commands inventory - verify manually),yes (no command implementation found for this endpoint),
clever-tools,../clever-tools/src/lib/k8s.js,268,POST,/v4/kubernetes/organisations/:XXX/clusters/:XXX/csi/ceph,internal implementation (project-local reimplementation of esm/api function shape),addK8sPersistentStorage,UNKNOWN (not found in command source tree or openapi/commands inventory - verify manually),yes (no command implementation found for this endpoint),
clever-tools,../clever-tools/src/lib/k8s.js,279,GET,/v4/kubernetes/organisations/:XXX/quota,internal implementation (project-local reimplementation of esm/api function shape),getK8sQuota,UNKNOWN (not found in command source tree or openapi/commands inventory - verify manually),yes (no command implementation found for this endpoint),
clever-tools,../clever-tools/src/lib/k8s.js,290,GET,/v4/kubernetes/organisations/:XXX/usage,internal implementation (project-local reimplementation of esm/api function shape),listK8sUsage,UNKNOWN (not found in command source tree or openapi/commands inventory - verify manually),yes (no command implementation found for this endpoint),
clever-tools,../clever-tools/src/lib/k8s.js,305,GET,/v4/kubernetes/organisations/:XXX/clusters/:XXX/deployment-events,internal implementation (project-local reimplementation of esm/api function shape),listK8sDeploymentEvents,UNKNOWN (not found in command source tree or openapi/commands inventory - verify manually),yes (no command implementation found for this endpoint),
clever-tools,../clever-tools/src/lib/k8s.js,318,GET,/v4/kubernetes/organisations/:XXX/clusters/:XXX/node-groups,internal implementation (project-local reimplementation of esm/api function shape),listK8sNodeGroups,UNKNOWN (not found in command source tree or openapi/commands inventory - verify manually),yes (no command implementation found for this endpoint),
clever-tools,../clever-tools/src/lib/k8s.js,363,POST,/v4/kubernetes/organisations/:XXX/clusters/:XXX/node-groups,internal implementation (project-local reimplementation of esm/api function shape),createK8sNodeGroup,UNKNOWN (not found in command source tree or openapi/commands inventory - verify manually),yes (no command implementation found for this endpoint),
clever-tools,../clever-tools/src/lib/k8s.js,383,GET,/v4/kubernetes/organisations/:XXX/clusters/:XXX/node-groups/:XXX,internal implementation (project-local reimplementation of esm/api function shape),getK8sNodeGroup,UNKNOWN (not found in command source tree or openapi/commands inventory - verify manually),yes (no command implementation found for this endpoint),
clever-tools,../clever-tools/src/lib/k8s.js,387,PATCH,/v4/kubernetes/organisations/:XXX/clusters/:XXX/node-groups/:XXX,internal implementation (project-local reimplementation of esm/api function shape),updateK8sNodeGroup,UNKNOWN (not found in command source tree or openapi/commands inventory - verify manually),yes (no command implementation found for this endpoint),
clever-tools,../clever-tools/src/lib/k8s.js,402,DELETE,/v4/kubernetes/organisations/:XXX/clusters/:XXX/node-groups/:XXX,internal implementation (project-local reimplementation of esm/api function shape),deleteK8sNodeGroup,UNKNOWN (not found in command source tree or openapi/commands inventory - verify manually),yes (no command implementation found for this endpoint),
clever-tools,../clever-tools/src/lib/k8s.js,417,GET,/v4/kubernetes/organisations/:XXX/clusters/:XXX/node-groups/:XXX,internal implementation (project-local reimplementation of esm/api function shape),getK8sNodeGroup,UNKNOWN (not found in command source tree or openapi/commands inventory - verify manually),yes (no command implementation found for this endpoint),
clever-tools,../clever-tools/src/lib/k8s.js,433,GET,/v4/kubernetes/organisations/:XXX/clusters/:XXX/node-groups,internal implementation (project-local reimplementation of esm/api function shape),listK8sNodeGroups,UNKNOWN (not found in command source tree or openapi/commands inventory - verify manually),yes (no command implementation found for this endpoint),
clever-tools,../clever-tools/src/lib/k8s.js,458,GET,/v4/kubernetes/organisations/:XXX/clusters/:XXX/version/check,internal implementation (project-local reimplementation of esm/api function shape),getK8sVersionCheck,UNKNOWN (not found in command source tree or openapi/commands inventory - verify manually),yes (no command implementation found for this endpoint),
clever-tools,../clever-tools/src/lib/k8s.js,481,POST,/v4/kubernetes/organisations/:XXX/clusters/:XXX/version/update,internal implementation (project-local reimplementation of esm/api function shape),updateK8sVersion,UNKNOWN (not found in command source tree or openapi/commands inventory - verify manually),yes (no command implementation found for this endpoint),
clever-tools,../clever-tools/src/lib/k8s.js,499,GET,/v4/kubernetes/organisations/:XXX/clusters/:XXX/version/check,internal implementation (project-local reimplementation of esm/api function shape),getK8sVersionCheck,UNKNOWN (not found in command source tree or openapi/commands inventory - verify manually),yes (no command implementation found for this endpoint),
clever-tools,../clever-tools/src/lib/k8s.js,517,POST,/v4/kubernetes/organisations/:XXX/clusters/:XXX/version/update,internal implementation (project-local reimplementation of esm/api function shape),updateK8sVersion,UNKNOWN (not found in command source tree or openapi/commands inventory - verify manually),yes (no command implementation found for this endpoint),
clever-tools,../clever-tools/src/lib/operator-commands.js,32,GET,/v4/addon-providers/addon-:XXX/addons/:XXX/version/check,internal implementation (project-local reimplementation of esm/api function shape),versionCheck,"per-provider commands exist, dispatch at runtime: keycloak->CheckKeycloakVersionCommand, metabase->CheckMetabaseVersionCommand, otoroshi->CheckOtoroshiVersionCommand",no for known providers (dispatch by provider); yes for any other provider,no generic command - the new client has one dedicated command per addon provider; caller must switch on the provider string to pick the right one
clever-tools,../clever-tools/src/lib/operator-commands.js,55,POST,/v4/addon-providers/addon-:XXX/addons/:XXX/version/update,internal implementation (project-local reimplementation of esm/api function shape),versionUpdate,"per-provider commands exist, dispatch at runtime: keycloak->UpdateKeycloakVersionCommand, metabase->UpdateMetabaseVersionCommand, otoroshi->UpdateOtoroshiVersionCommand",no for known providers (dispatch by provider); yes for any other provider,no generic command - the new client has one dedicated command per addon provider; caller must switch on the provider string to pick the right one
clever-tools,../clever-tools/src/lib/operator-commands.js,73,GET,/v4/addon-providers/addon-:XXX/addons/:XXX/version/check,internal implementation (project-local reimplementation of esm/api function shape),versionCheck,"per-provider commands exist, dispatch at runtime: keycloak->CheckKeycloakVersionCommand, metabase->CheckMetabaseVersionCommand, otoroshi->CheckOtoroshiVersionCommand",no for known providers (dispatch by provider); yes for any other provider,no generic command - the new client has one dedicated command per addon provider; caller must switch on the provider string to pick the right one
clever-tools,../clever-tools/src/lib/operator-commands.js,91,POST,/v4/addon-providers/addon-:XXX/addons/:XXX/version/update,internal implementation (project-local reimplementation of esm/api function shape),versionUpdate,"per-provider commands exist, dispatch at runtime: keycloak->UpdateKeycloakVersionCommand, metabase->UpdateMetabaseVersionCommand, otoroshi->UpdateOtoroshiVersionCommand",no for known providers (dispatch by provider); yes for any other provider,no generic command - the new client has one dedicated command per addon provider; caller must switch on the provider string to pick the right one
clever-tools,../clever-tools/src/lib/operator-commands.js,109,DELETE,/v4/addon-providers/addon-:XXX/addons/:XXX/networkgroup,internal implementation (project-local reimplementation of esm/api function shape),ngDisableOperator,"per-provider commands exist, dispatch at runtime: keycloak->DeleteKeycloakNetworkGroupCommand, otoroshi->DeleteOtoroshiNetworkGroupCommand",no for known providers (dispatch by provider); yes for any other provider,no generic command - the new client has one dedicated command per addon provider; caller must switch on the provider string to pick the right one
clever-tools,../clever-tools/src/lib/operator-commands.js,130,POST,/v4/addon-providers/addon-:XXX/addons/:XXX/networkgroup,internal implementation (project-local reimplementation of esm/api function shape),ngEnableOperator,"per-provider commands exist, dispatch at runtime: keycloak->DeleteKeycloakNetworkGroupCommand, otoroshi->DeleteOtoroshiNetworkGroupCommand",no for known providers (dispatch by provider); yes for any other provider,no generic command - the new client has one dedicated command per addon provider; caller must switch on the provider string to pick the right one
clever-tools,../clever-tools/src/lib/operator-commands.js,224,POST,/v4/addon-providers/addon-:XXX/addons/:XXX/reboot,internal implementation (project-local reimplementation of esm/api function shape),rebootOperator,"per-provider commands exist, dispatch at runtime: keycloak->RebootKeycloakCommand, matomo->RebootMatomoCommand, metabase->RebootMetabaseCommand, otoroshi->RebootOtoroshiCommand",no for known providers (dispatch by provider); yes for any other provider,no generic command - the new client has one dedicated command per addon provider; caller must switch on the provider string to pick the right one
clever-tools,../clever-tools/src/lib/operator-commands.js,238,POST,/v4/addon-providers/addon-:XXX/addons/:XXX/rebuild,internal implementation (project-local reimplementation of esm/api function shape),rebuildOperator,"per-provider commands exist, dispatch at runtime: keycloak->RebuildKeycloakCommand, matomo->RebuildMatomoCommand, metabase->RebuildMetabaseCommand, otoroshi->RebuildOtoroshiCommand",no for known providers (dispatch by provider); yes for any other provider,no generic command - the new client has one dedicated command per addon provider; caller must switch on the provider string to pick the right one
clever-tools,../clever-tools/src/lib/operator-commands.js,253,GET,/v4/addon-providers/addon-otoroshi/addons/:XXX/config.yaml,internal implementation (project-local reimplementation of esm/api function shape),getOtoroshiConfig,GetOtoroshiConfigCommand,no (command already exists),
clever-tools,../clever-tools/src/lib/profile.js,60,GET,/v2/self,legacy client (@clevercloud/client esm/api/*),getUser({}) via sendWithCredentials alias (missed by static scan),ListProfileEmailAddressCommand/GetProfileCommand,no (command already exists),
clever-tools,../clever-tools/src/lib/profile.js,61,GET,/v2/self/tokens/current,legacy client (@clevercloud/client esm/api/*),getCurrentTokenInfo() via sendWithCredentials alias (missed by static scan),UNKNOWN (not found in command source tree or openapi/commands inventory - verify manually),yes (no command implementation found for this endpoint),
clever-tools,../clever-tools/src/models/activity.js,6,GET,/v2/organisations/:XXX/applications/:XXX/deployments,legacy client (@clevercloud/client esm/api/*),,ListDeployment,no (command already exists),On regroupe
clever-tools,../clever-tools/src/models/addon.js,19,GET,/v2/products/addonproviders,legacy client (@clevercloud/client esm/api/*),,ListProductAddonCommand,no (command already exists),
clever-tools,../clever-tools/src/models/addon.js,32,GET,/v4/addon-providers/:XXX,legacy client (@clevercloud/client esm/api/*),,GetProductAddonVersionsCommand,no (command already exists),En fait on s'en sert (à priori) que pour connaitre les version d'un add-on et les clusters pour les plans de DEV
clever-tools,../clever-tools/src/models/addon.js,43,GET,/v2/organisations/:XXX/addons,legacy client (@clevercloud/client esm/api/*),,ListAddonCommand,no (command already exists),
clever-tools,../clever-tools/src/models/addon.js,50,GET,/v2/organisations/:XXX/applications/:XXX/addons,legacy client (@clevercloud/client esm/api/*),,ListLink,no (command already exists),À fusionner
clever-tools,../clever-tools/src/models/addon.js,166,POST,/v2/organisations/:XXX/addons,legacy client (@clevercloud/client esm/api/*),,CreateAddonCommand,no (command already exists),
clever-tools,../clever-tools/src/models/addon.js,167,GET,/v2/organisations/:XXX/addons/:XXX/env,legacy client (@clevercloud/client esm/api/*),,GetEnvironment,no (command already exists),composite: this endpoint is merged with others behind one command; Fusion avec app/addon et avec inlude links
clever-tools,../clever-tools/src/models/addon.js,173,GET,/v2/organisations/:XXX/addons,legacy client (@clevercloud/client esm/api/*),,ListAddonCommand,no (command already exists),
clever-tools,../clever-tools/src/models/addon.js,196,POST,/v2/organisations/:XXX/applications/:XXX/addons,legacy client (@clevercloud/client esm/api/*),,AddLink,no (command already exists),À fusionner
clever-tools,../clever-tools/src/models/addon.js,201,DELETE,/v2/organisations/:XXX/applications/:XXX/addons/:XXX,legacy client (@clevercloud/client esm/api/*),,RemoveLink,no (command already exists),À fusionner
clever-tools,../clever-tools/src/models/addon.js,211,DELETE,/v2/organisations/:XXX/addons/:XXX,legacy client (@clevercloud/client esm/api/*),,DeleteAddonCommand,no (command already exists),
clever-tools,../clever-tools/src/models/addon.js,216,PUT,/v2/organisations/:XXX/addons/:XXX,legacy client (@clevercloud/client esm/api/*),,UpdateAddonCommand,no (command already exists),
clever-tools,../clever-tools/src/models/addon.js,229,GET,/v2/summary,legacy client (@clevercloud/client esm/api/*),,GetOrganisationSummariesCommand,no (command already exists),
clever-tools,../clever-tools/src/models/addon.js,233,GET,/v2/organisations/:XXX/addons/:XXX,legacy client (@clevercloud/client esm/api/*),,GetAddonCommand,no (command already exists),
clever-tools,../clever-tools/src/models/application.js,75,GET,/v2/products/instances,legacy client (@clevercloud/client esm/api/*),,ListProductRuntimeCommand,no (command already exists),
clever-tools,../clever-tools/src/models/application.js,114,POST,/v2/organisations/:XXX/applications,legacy client (@clevercloud/client esm/api/*),,CreateApplicationCommand,no (command already exists),
clever-tools,../clever-tools/src/models/application.js,128,DELETE,/v2/organisations/:XXX/applications/:XXX,legacy client (@clevercloud/client esm/api/*),,DeleteApplicationCommand,no (command already exists),
clever-tools,../clever-tools/src/models/application.js,132,GET,/v2/summary,legacy client (@clevercloud/client esm/api/*),,GetOrganisationSummariesCommand,no (command already exists),
clever-tools,../clever-tools/src/models/application.js,153,GET,/v2/organisations/:XXX/applications,legacy client (@clevercloud/client esm/api/*),,ListApplicationCommand,no (command already exists),
clever-tools,../clever-tools/src/models/application.js,179,GET,/v2/organisations/:XXX/applications,legacy client (@clevercloud/client esm/api/*),,ListApplicationCommand,no (command already exists),
clever-tools,../clever-tools/src/models/application.js,191,GET,/v2/organisations/:XXX/applications/:XXX,legacy client (@clevercloud/client esm/api/*),,GetApplicationCommand,no (command already exists),composite: this endpoint is merged with others behind one command
clever-tools,../clever-tools/src/models/application.js,196,PUT,/v2/organisations/:XXX/applications/:XXX,legacy client (@clevercloud/client esm/api/*),,UpdateApplicationCommand,no (command already exists),composite: this endpoint is merged with others behind one command; À fusionner avec update application
clever-tools,../clever-tools/src/models/application.js,204,GET,/v2/organisations/:XXX/applications/:XXX,legacy client (@clevercloud/client esm/api/*),,GetApplicationCommand,no (command already exists),composite: this endpoint is merged with others behind one command
clever-tools,../clever-tools/src/models/application.js,240,GET,/v2/summary,legacy client (@clevercloud/client esm/api/*),,GetOrganisationSummariesCommand,no (command already exists),
clever-tools,../clever-tools/src/models/application.js,281,POST,/v2/organisations/:XXX/applications/:XXX/instances,legacy client (@clevercloud/client esm/api/*),,DeployApplicationCommand,no (command already exists),
clever-tools,../clever-tools/src/models/application.js,321,GET,/v2/organisations/:XXX/applications/:XXX,legacy client (@clevercloud/client esm/api/*),,GetApplicationCommand,no (command already exists),composite: this endpoint is merged with others behind one command
clever-tools,../clever-tools/src/models/application.js,338,PUT,/v2/organisations/:XXX/applications/:XXX,legacy client (@clevercloud/client esm/api/*),,UpdateApplicationCommand,no (command already exists),composite: this endpoint is merged with others behind one command; À fusionner avec update application
clever-tools,../clever-tools/src/models/application.js,342,GET,/v2/organisations/:XXX/applications/:XXX/dependencies,legacy client (@clevercloud/client esm/api/*),,ListLink,no (command already exists),À fusionner
clever-tools,../clever-tools/src/models/application.js,348,GET,/v2/organisations/:XXX/applications,legacy client (@clevercloud/client esm/api/*),,ListApplicationCommand,no (command already exists),
clever-tools,../clever-tools/src/models/application.js,359,PUT,/v2/organisations/:XXX/applications/:XXX/dependencies/:XXX,legacy client (@clevercloud/client esm/api/*),,AddLinkCommand,no (command already exists),composite: this endpoint is merged with others behind one command; À fusionner
clever-tools,../clever-tools/src/models/application.js,364,DELETE,/v2/organisations/:XXX/applications/:XXX/dependencies/:XXX,legacy client (@clevercloud/client esm/api/*),,RemoveLinkCommand,no (command already exists),composite: this endpoint is merged with others behind one command; À fusionner
clever-tools,../clever-tools/src/models/config-provider.js,27,GET,/v2/organisations/:XXX/addons/:XXX,legacy client (@clevercloud/client esm/api/*),,GetAddonCommand,no (command already exists),
clever-tools,../clever-tools/src/models/deployments.js,18,GET,/v2/organisations/:XXX/applications/:XXX/deployments,legacy client (@clevercloud/client esm/api/*),,ListDeployment,no (command already exists),On regroupe
clever-tools,../clever-tools/src/models/deployments.js,44,GET,/v2/organisations/:XXX/applications/:XXX/deployments/:XXX,legacy client (@clevercloud/client esm/api/*),,GetDeployment,no (command already exists),Used as a fallback of the v4 OrchestrationApplicationDeploymentGet
clever-tools,../clever-tools/src/models/domain.js,12,GET,/v2/organisations/:XXX/applications/:XXX/vhosts/favourite,legacy client (@clevercloud/client esm/api/*),,GetPrimaryDomainCommand,no (command already exists),
clever-tools,../clever-tools/src/models/domain.js,20,GET,/v2/organisations/:XXX/applications/:XXX/vhosts,legacy client (@clevercloud/client esm/api/*),,ListDomainCommand,no (command already exists),
clever-tools,../clever-tools/src/models/domain.js,44,GET,/v2/organisations/:XXX/applications/:XXX/vhosts/favourite,legacy client (@clevercloud/client esm/api/*),,GetPrimaryDomainCommand,no (command already exists),
clever-tools,../clever-tools/src/models/emails.js,11,GET,/v2/self/emails,legacy client (@clevercloud/client esm/api/*),,ListProfileEmailAddress,no (command already exists),
clever-tools,../clever-tools/src/models/ids-resolver.js,71,GET,/v2/summary,legacy client (@clevercloud/client esm/api/*),,GetOrganisationSummariesCommand,no (command already exists),
clever-tools,../clever-tools/src/models/ids-resolver.js,103,GET,/v2/summary,legacy client (@clevercloud/client esm/api/*),,GetOrganisationSummariesCommand,no (command already exists),
clever-tools,../clever-tools/src/models/ids-resolver.js,142,GET,/v2/summary,legacy client (@clevercloud/client esm/api/*),,GetOrganisationSummariesCommand,no (command already exists),
clever-tools,../clever-tools/src/models/ids-resolver.js,182,GET,/v2/summary,legacy client (@clevercloud/client esm/api/*),,GetOrganisationSummariesCommand,no (command already exists),
clever-tools,../clever-tools/src/models/namespaces.js,6,GET,/v2/organisations/:XXX/namespaces,legacy client (@clevercloud/client esm/api/*),,ListTcpRedirectionNamespaceCommand,no (command already exists),
clever-tools,../clever-tools/src/models/ng.js,52,POST,/v4/networkgroups/organisations/:XXX/networkgroups,legacy client (@clevercloud/client esm/api/*),,CreateNetworkGroupCommand,no (command already exists),
clever-tools,../clever-tools/src/models/ng.js,71,DELETE,/v4/networkgroups/organisations/:XXX/networkgroups/:XXX,legacy client (@clevercloud/client esm/api/*),,DeleteNetworkGroupCommand,no (command already exists),
clever-tools,../clever-tools/src/models/ng.js,111,GET,/v4/networkgroups/organisations/:XXX/networkgroups/:XXX/peers/:XXX/wireguard/configuration,legacy client (@clevercloud/client esm/api/*),,GetNetworkGroupWireguardConfigurationCommand,no (command already exists),
clever-tools,../clever-tools/src/models/ng.js,131,GET,/v4/networkgroups/organisations/:XXX/networkgroups/:XXX,legacy client (@clevercloud/client esm/api/*),,GetNetworkGroupCommand,no (command already exists),
clever-tools,../clever-tools/src/models/ng.js,146,GET,/v4/networkgroups/organisations/:XXX/networkgroups,legacy client (@clevercloud/client esm/api/*),,ListNetworkGroupCommand,no (command already exists),
clever-tools,../clever-tools/src/models/ng.js,167,GET,/v4/networkgroups/organisations/:XXX/networkgroups/search,internal implementation (project-local reimplementation of esm/api function shape),searchNetworkGroupOrResource,SearchNetworkGroupCommand,no (command already exists),
clever-tools,../clever-tools/src/models/ng.js,237,GET,/v4/networkgroups/organisations/:XXX/networkgroups,legacy client (@clevercloud/client esm/api/*),,ListNetworkGroupCommand,no (command already exists),
clever-tools,../clever-tools/src/models/oauth-consumer.js,56,GET,/v2/summary,legacy client (@clevercloud/client esm/api/*),,GetOrganisationSummariesCommand,no (command already exists),
clever-tools,../clever-tools/src/models/oauth-consumer.js,75,GET,/v2/organisations/:XXX/consumers/:XXX,legacy client (@clevercloud/client esm/api/*),,GetOauthConsumerCommand,no (command already exists),composite: this endpoint is merged with others behind one command; On fusionne avec get secret
clever-tools,../clever-tools/src/models/operator.js,16,GET,/v4/addon-providers/addon-:XXX/addons/:XXX,internal implementation (project-local reimplementation of esm/api function shape),getOperator,"per-provider commands exist, dispatch at runtime: keycloak->GetKeycloakInfoCommand, matomo->GetMatomoInfoCommand, metabase->GetMetabaseInfoCommand, otoroshi->GetOtoroshiInfoCommand, pulsar->GetPulsarInfoCommand",no for known providers (dispatch by provider); yes for any other provider,no generic command - the new client has one dedicated command per addon provider; caller must switch on the provider string to pick the right one
clever-tools,../clever-tools/src/models/organisation.js,18,GET,/v2/summary,legacy client (@clevercloud/client esm/api/*),,GetOrganisationSummariesCommand,no (command already exists),
clever-tools,../clever-tools/src/models/ssh-keys.js,8,GET,/v2/self/keys,legacy client (@clevercloud/client esm/api/*),,ListPersonalSshKeyCommand,no (command already exists),
clever-tools,../clever-tools/src/models/user.js,5,GET,/v2/organisations/:XXX,legacy client (@clevercloud/client esm/api/*),,GetOrganisationCommand,no (command already exists),
clever-tools,../clever-tools/src/models/user.js,9,GET,/v2/organisations/:XXX,legacy client (@clevercloud/client esm/api/*),,GetOrganisationCommand,no (command already exists),
console3,../console3/src/Console.js,409,GET,/v2/self,old legacy client (console3-local API.x.y.get() tree),,ListProfileEmailAddressCommand/GetProfileCommand,no (command already exists),
console3,../console3/src/Console.js,431,GET,/v2/self/confirmation_email,old legacy client (console3-local API.x.y.get() tree),,RequestProfileEmailConfirmationCommand,no (command already exists),
console3,../console3/src/clever-client/billing-payment.js,10,GET,/v4/billing/organisations/:XXX/invoices/:XXX,legacy client (@clevercloud/client esm/api/*),,GetInvoiceCommand,no (command already exists),equivalent to [GET] /v4/billing/organisations/:XXX/invoices/:XXX
console3,../console3/src/clever-client/various.js,38,GET,/v2/organisations/:XXX/addons/:XXX,legacy client (@clevercloud/client esm/api/*),,GetAddonCommand,no (command already exists),
console3,../console3/src/clever-client/various.js,43,GET,/v2/organisations/:XXX/addons/:XXX,legacy client (@clevercloud/client esm/api/*),,GetAddonCommand,no (command already exists),
console3,../console3/src/clever-client/various.js,185,GET,/v2/products/addonproviders,legacy client (@clevercloud/client esm/api/*),,ListProductAddonCommand,no (command already exists),
console3,../console3/src/clever-client/various.js,194,GET,/v2/products/addonproviders/:XXX,legacy client (@clevercloud/client esm/api/*),,GetProductAddonCommand,no (command already exists),
console3,../console3/src/clever-client/various.js,209,GET,/v4/kubernetes/organisations/:XXX/clusters,"internal implementation (hand-built request object, no named function)",getKubernetesClustersStream(),UNKNOWN (not found in command source tree or openapi/commands inventory - verify manually),yes (no command implementation found for this endpoint),
console3,../console3/src/clever-client/various.js,231,GET,/v4/networkgroups/organisations/:XXX/networkgroups,legacy client (@clevercloud/client esm/api/*),,ListNetworkGroupCommand,no (command already exists),
console3,../console3/src/components/console-kubernetes-danger-zone/console-kubernetes-danger-zone.js,86,DELETE,/v4/kubernetes/organisations/:XXX/clusters/:XXX,internal implementation (project-local reimplementation of esm/api function shape),deleteKube,UNKNOWN (not found in command source tree or openapi/commands inventory - verify manually),yes (no command implementation found for this endpoint),
console3,../console3/src/components/console-kubernetes-danger-zone/console-kubernetes-danger-zone.js,123,GET,/v4/kubernetes/organisations/:XXX/clusters/:XXX,internal implementation (project-local reimplementation of esm/api function shape),getKubeInfo,UNKNOWN (not found in command source tree or openapi/commands inventory - verify manually),yes (no command implementation found for this endpoint),
console3,../console3/src/creation-tunnel/addon/addon-api.js,18,GET,/v2/products/addonproviders,legacy client (@clevercloud/client esm/api/*),,ListProductAddonCommand,no (command already exists),
console3,../console3/src/creation-tunnel/addon/addon-api.js,54,GET,/v4/addon-providers/:XXX,legacy client (@clevercloud/client esm/api/*),,GetProductAddonVersionsCommand,no (command already exists),En fait on s'en sert (à priori) que pour connaitre les version d'un add-on et les clusters pour les plans de DEV
console3,../console3/src/creation-tunnel/addon/addon-api.js,78,GET,/v4/products/zones,legacy client (@clevercloud/client esm/api/*),,ListZoneCommand,no (command already exists),
console3,../console3/src/creation-tunnel/addon/addon-api.js,82,GET,/v4/billing/organisations/:XXX/price-system,legacy client (@clevercloud/client esm/api/*),,GetPriceSystemCommand,no (command already exists),À regrouper
console3,../console3/src/creation-tunnel/addon/addon-api.js,96,POST,/v2/organisations/:XXX/addons,legacy client (@clevercloud/client esm/api/*),,CreateAddonCommand,no (command already exists),
console3,../console3/src/creation-tunnel/addon/addon-api.js,115,PUT,/v2/organisations/:XXX/addons/:XXX/tags,legacy client (@clevercloud/client esm/api/*),,CreateTagCommand/UpdateTagCommand,no (command already exists),À fusionner avec tags d'app (pas utilisé encore)
console3,../console3/src/creation-tunnel/ai/cc-configure-ai.smart.js,23,GET,/v4/products/zones,legacy client (@clevercloud/client esm/api/*),,ListZoneCommand,no (command already exists),
console3,../console3/src/creation-tunnel/ai/cc-configure-ai.smart.js,51,POST,/v2/organisations/:XXX/addons,legacy client (@clevercloud/client esm/api/*),,CreateAddonCommand,no (command already exists),
console3,../console3/src/creation-tunnel/azimutt/azimutt-api.js,16,GET,/v2/products/addonproviders,legacy client (@clevercloud/client esm/api/*),,ListProductAddonCommand,no (command already exists),
console3,../console3/src/creation-tunnel/azimutt/azimutt-api.js,44,GET,/v4/products/zones,legacy client (@clevercloud/client esm/api/*),,ListZoneCommand,no (command already exists),
console3,../console3/src/creation-tunnel/azimutt/azimutt-api.js,48,POST,/v2/organisations/:XXX/addons,legacy client (@clevercloud/client esm/api/*),,CreateAddonCommand,no (command already exists),
console3,../console3/src/creation-tunnel/azimutt/azimutt-api.js,60,PUT,/v2/organisations/:XXX/addons/:XXX/tags,legacy client (@clevercloud/client esm/api/*),,CreateTagCommand/UpdateTagCommand,no (command already exists),À fusionner avec tags d'app (pas utilisé encore)
console3,../console3/src/creation-tunnel/cellar/cc-configure-cellar.smart.js,23,GET,/v4/products/zones,legacy client (@clevercloud/client esm/api/*),,ListZoneCommand,no (command already exists),
console3,../console3/src/creation-tunnel/cellar/cc-configure-cellar.smart.js,51,POST,/v2/organisations/:XXX/addons,legacy client (@clevercloud/client esm/api/*),,CreateAddonCommand,no (command already exists),
console3,../console3/src/creation-tunnel/config-provider/cc-configure-config-provider.smart.js,23,GET,/v4/products/zones,legacy client (@clevercloud/client esm/api/*),,ListZoneCommand,no (command already exists),
console3,../console3/src/creation-tunnel/config-provider/cc-configure-config-provider.smart.js,59,POST,/v2/organisations/:XXX/addons,legacy client (@clevercloud/client esm/api/*),,CreateAddonCommand,no (command already exists),
console3,../console3/src/creation-tunnel/creation-tunnel.helpers.js,37,GET,/v2/products/instances,legacy client (@clevercloud/client esm/api/*),,ListProductRuntimeCommand,no (command already exists),
console3,../console3/src/creation-tunnel/creation-tunnel.helpers.js,38,GET,/v4/products/zones,legacy client (@clevercloud/client esm/api/*),,ListZoneCommand,no (command already exists),
console3,../console3/src/creation-tunnel/elasticsearch/elasticsearch-api.js,24,GET,/v2/products/addonproviders,legacy client (@clevercloud/client esm/api/*),"getAllAddonProviders (wrapped in withCache callback, missed by static scan)",ListProductAddonCommand,no (command already exists),
console3,../console3/src/creation-tunnel/elasticsearch/elasticsearch-api.js,50,GET,/v4/products/zones,legacy client (@clevercloud/client esm/api/*),,ListZoneCommand,no (command already exists),
console3,../console3/src/creation-tunnel/elasticsearch/elasticsearch-api.js,60,GET,/v4/addon-providers/:XXX,legacy client (@clevercloud/client esm/api/*),,GetProductAddonVersionsCommand,no (command already exists),En fait on s'en sert (à priori) que pour connaitre les version d'un add-on et les clusters pour les plans de DEV
console3,../console3/src/creation-tunnel/elasticsearch/elasticsearch-api.js,61,GET,/v2/providers/es-addon/tmp/services-flavors,legacy client (@clevercloud/client esm/api/*),,GetProductElasticsearchInfoCommand,no (command already exists),
console3,../console3/src/creation-tunnel/elasticsearch/elasticsearch-api.js,98,GET,/v4/billing/organisations/:XXX/price-system,legacy client (@clevercloud/client esm/api/*),,GetPriceSystemCommand,no (command already exists),À regrouper
console3,../console3/src/creation-tunnel/elasticsearch/elasticsearch-api.js,119,POST,/v2/organisations/:XXX/addons,legacy client (@clevercloud/client esm/api/*),,CreateAddonCommand,no (command already exists),
console3,../console3/src/creation-tunnel/elasticsearch/elasticsearch-api.js,139,PUT,/v2/organisations/:XXX/addons/:XXX/tags,legacy client (@clevercloud/client esm/api/*),,CreateTagCommand/UpdateTagCommand,no (command already exists),À fusionner avec tags d'app (pas utilisé encore)
console3,../console3/src/creation-tunnel/fs-bucket/cc-configure-fs-bucket.smart.js,24,GET,/v2/products/addonproviders,legacy client (@clevercloud/client esm/api/*),,ListProductAddonCommand,no (command already exists),
console3,../console3/src/creation-tunnel/fs-bucket/cc-configure-fs-bucket.smart.js,24,GET,/v4/products/zones,legacy client (@clevercloud/client esm/api/*),,ListZoneCommand,no (command already exists),
console3,../console3/src/creation-tunnel/fs-bucket/cc-configure-fs-bucket.smart.js,53,POST,/v2/organisations/:XXX/addons,legacy client (@clevercloud/client esm/api/*),,CreateAddonCommand,no (command already exists),
console3,../console3/src/creation-tunnel/grist/cc-configure-grist.smart.js,23,GET,/v4/products/zones,legacy client (@clevercloud/client esm/api/*),,ListZoneCommand,no (command already exists),
console3,../console3/src/creation-tunnel/grist/cc-configure-grist.smart.js,51,POST,/v2/organisations/:XXX/addons,legacy client (@clevercloud/client esm/api/*),,CreateAddonCommand,no (command already exists),
console3,../console3/src/creation-tunnel/kms/cc-configure-kms.smart.js,32,POST,/v2/organisations/:XXX/addons,legacy client (@clevercloud/client esm/api/*),,CreateAddonCommand,no (command already exists),
console3,../console3/src/creation-tunnel/kubernetes/cc-configure-kubernetes.smart.js,151,GET,/v4/kubernetes-product,"internal implementation (hand-built request object, no named function)",getKubernetesProductOptions(),UNKNOWN (not found in command source tree or openapi/commands inventory - verify manually),yes (no command implementation found for this endpoint),
console3,../console3/src/creation-tunnel/kubernetes/cc-configure-kubernetes.smart.js,177,POST,/v4/kubernetes/organisations/:XXX/clusters,"internal implementation (hand-built request object, no named function)",createKubernetesCluster(),UNKNOWN (not found in command source tree or openapi/commands inventory - verify manually),yes (no command implementation found for this endpoint),
console3,../console3/src/creation-tunnel/kv/cc-configure-kv.smart.js,32,POST,/v2/organisations/:XXX/addons,legacy client (@clevercloud/client esm/api/*),,CreateAddonCommand,no (command already exists),
console3,../console3/src/creation-tunnel/mailpace/mailpace-api.js,16,GET,/v2/products/addonproviders,legacy client (@clevercloud/client esm/api/*),,ListProductAddonCommand,no (command already exists),
console3,../console3/src/creation-tunnel/mailpace/mailpace-api.js,44,GET,/v4/products/zones,legacy client (@clevercloud/client esm/api/*),,ListZoneCommand,no (command already exists),
console3,../console3/src/creation-tunnel/mailpace/mailpace-api.js,48,POST,/v2/organisations/:XXX/addons,legacy client (@clevercloud/client esm/api/*),,CreateAddonCommand,no (command already exists),
console3,../console3/src/creation-tunnel/mailpace/mailpace-api.js,60,PUT,/v2/organisations/:XXX/addons/:XXX/tags,legacy client (@clevercloud/client esm/api/*),,CreateTagCommand/UpdateTagCommand,no (command already exists),À fusionner avec tags d'app (pas utilisé encore)
console3,../console3/src/creation-tunnel/network-group/cc-configure-network-group.smart.js,47,GET,/v2/organisations/:XXX/applications,"new client (Command pattern, already migrated)",ListApplicationCommand,ListApplicationCommand,no (already using new client),
console3,../console3/src/creation-tunnel/network-group/cc-configure-network-group.smart.js,48,GET,/v2/organisations/:XXX/addons,"new client (Command pattern, already migrated)",ListAddonCommand,ListAddonCommand,no (already using new client),
console3,../console3/src/creation-tunnel/network-group/cc-configure-network-group.smart.js,85,POST,/v4/networkgroups/organisations/:XXX/networkgroups,"new client (Command pattern, already migrated)",CreateNetworkGroupCommand,CreateNetworkGroupCommand,no (already using new client),
console3,../console3/src/creation-tunnel/provisionable/provisionable-api.js,22,GET,/v2/products/addonproviders,legacy client (@clevercloud/client esm/api/*),,ListProductAddonCommand,no (command already exists),
console3,../console3/src/creation-tunnel/provisionable/provisionable-api.js,57,GET,/v4/addon-providers/:XXX,legacy client (@clevercloud/client esm/api/*),,GetProductAddonVersionsCommand,no (command already exists),En fait on s'en sert (à priori) que pour connaitre les version d'un add-on et les clusters pour les plans de DEV
console3,../console3/src/creation-tunnel/provisionable/provisionable-api.js,77,GET,/v4/products/zones,legacy client (@clevercloud/client esm/api/*),,ListZoneCommand,no (command already exists),
console3,../console3/src/creation-tunnel/provisionable/provisionable-api.js,81,GET,/v4/billing/organisations/:XXX/price-system,legacy client (@clevercloud/client esm/api/*),,GetPriceSystemCommand,no (command already exists),À regrouper
console3,../console3/src/creation-tunnel/provisionable/provisionable-api.js,94,POST,/v2/organisations/:XXX/addons,legacy client (@clevercloud/client esm/api/*),,CreateAddonCommand,no (command already exists),
console3,../console3/src/creation-tunnel/pulsar/cc-configure-pulsar.smart.js,22,GET,/v2/products/addonproviders,legacy client (@clevercloud/client esm/api/*),,ListProductAddonCommand,no (command already exists),
console3,../console3/src/creation-tunnel/pulsar/cc-configure-pulsar.smart.js,54,POST,/v2/organisations/:XXX/addons,legacy client (@clevercloud/client esm/api/*),,CreateAddonCommand,no (command already exists),
console3,../console3/src/creation-tunnel/runtime/runtime-api.js,30,GET,/v2/products/instances,legacy client (@clevercloud/client esm/api/*),,ListProductRuntimeCommand,no (command already exists),
console3,../console3/src/creation-tunnel/runtime/runtime-api.js,31,GET,/v4/products/zones,legacy client (@clevercloud/client esm/api/*),,ListZoneCommand,no (command already exists),
console3,../console3/src/creation-tunnel/runtime/runtime-api.js,47,GET,/v2/organisations/:XXX,legacy client (@clevercloud/client esm/api/*),,GetOrganisationCommand,no (command already exists),
console3,../console3/src/creation-tunnel/runtime/runtime-api.js,55,GET,/v2/github/applications,legacy client (@clevercloud/client esm/api/*),,ListGithubApplicationCommand,no (command already exists),
console3,../console3/src/creation-tunnel/runtime/runtime-api.js,63,GET,/v4/billing/organisations/:XXX/price-system,legacy client (@clevercloud/client esm/api/*),,GetPriceSystemCommand,no (command already exists),À regrouper
console3,../console3/src/creation-tunnel/runtime/runtime-api.js,129,POST,/v2/organisations/:XXX/applications,legacy client (@clevercloud/client esm/api/*),,CreateApplicationCommand,no (command already exists),
console3,../console3/src/creation-tunnel/runtime/runtime-api.js,147,POST,/v2/organisations/:XXX/applications/:XXX/instances,legacy client (@clevercloud/client esm/api/*),,DeployApplicationCommand,no (command already exists),
console3,../console3/src/creation-tunnel/ts/cc-configure-ts.smart.js,32,POST,/v2/organisations/:XXX/addons,legacy client (@clevercloud/client esm/api/*),,CreateAddonCommand,no (command already exists),
console3,../console3/src/helpers/getAddonProvider.js,5,GET,/v4/addon-providers/:XXX,legacy client (@clevercloud/client esm/api/*),,GetProductAddonVersionsCommand,no (command already exists),En fait on s'en sert (à priori) que pour connaitre les version d'un add-on et les clusters pour les plans de DEV
console3,../console3/src/lib/settings.js,43,GET,/v4/console/settings/:XXX,legacy client (@clevercloud/client esm/api/*),,GetUserSettingCommand,no (command already exists),
console3,../console3/src/lib/settings.js,89,PUT,/v4/console/settings/:XXX,legacy client (@clevercloud/client esm/api/*),,SetUserSettingCommand,no (command already exists),
console3,../console3/src/lib/settings.js,111,DELETE,/v4/console/settings/:XXX,legacy client (@clevercloud/client esm/api/*),,DeleteUserSettingCommand,no (command already exists),
console3,../console3/src/models/business/proxys/deployment.js,50,GET,/v2/organisations/:XXX/deployments,old legacy client (console3-local API.x.y.get() tree),,ListDeploymentCommand,no (command already exists),composite: this endpoint is merged with others behind one command; On regroupe
console3,../console3/src/models/business/proxys/instance.js,16,GET,/v2/organisations/:XXX/instances,legacy client (@clevercloud/client esm/api/*),,ListInstance,no (command already exists),composite: this endpoint is merged with others behind one command; On regroupe
console3,../console3/src/models/business/proxys/summary.js,29,GET,/v2/summary,old legacy client (console3-local API.x.y.get() tree),,GetOrganisationSummariesCommand,no (command already exists),
console3,../console3/src/models/business/proxys/summary.js,191,GET,(dynamic - see notes),old legacy client (console3-local API.x.y.get() tree),,N/A - dynamic dispatch,unclear - verify manually,"dynamic dispatch: SummaryProxy.updateInOrganisation(orgaId, part) resolves to either GET /v2/organisations/:XXX/{part} or GET /v2/self/{part} depending on the runtime `part` argument; no callers found in console3 (looks unused) - verify before migrating"
console3,../console3/src/models/business/proxys/summary.js,305,GET,/v2/organisations/:XXX,old legacy client (console3-local API.x.y.get() tree),,GetOrganisationCommand,no (command already exists),
console3,../console3/src/models/business/proxys/summary.js,305,GET,/v2/self,old legacy client (console3-local API.x.y.get() tree),,ListProfileEmailAddressCommand/GetProfileCommand,no (command already exists),
console3,../console3/src/models/business/proxys/summary.js,325,GET,/v2/organisations,old legacy client (console3-local API.x.y.get() tree),,ListOrganisationCommand,no (command already exists),
console3,../console3/src/models/business/proxys/summary.js,350,GET,/v2/organisations/:XXX/members,old legacy client (console3-local API.x.y.get() tree),,ListOrganisationMemberCommand,no (command already exists),
console3,../console3/src/models/business/proxys/vhosts.js,19,GET,/v2/organisations/:XXX/applications/:XXX/vhosts,old legacy client (console3-local API.x.y.get() tree),,ListDomainCommand,no (command already exists),
console3,../console3/src/models/business/proxys/vhosts.js,20,GET,/v2/self/applications/:XXX/vhosts,old legacy client (console3-local API.x.y.get() tree),,ListDomainCommand,no (command already exists),"self-scoped variant, auto-resolved to the organisation-scoped command below"
console3,../console3/src/models/business/proxys/vhosts.js,24,GET,/v2/organisations/:XXX/applications/:XXX/vhosts/favourite,old legacy client (console3-local API.x.y.get() tree),,GetPrimaryDomainCommand,no (command already exists),
console3,../console3/src/models/business/proxys/vhosts.js,25,GET,/v2/self/applications/:XXX/vhosts/favourite,old legacy client (console3-local API.x.y.get() tree),,GetPrimaryDomainCommand,no (command already exists),"self-scoped variant, auto-resolved to the organisation-scoped command below"
console3,../console3/src/modules/addon-creation/view.js,199,POST,/v2/organisations/:XXX/addons,old legacy client (console3-local API.x.y.get() tree),,CreateAddonCommand,no (command already exists),
console3,../console3/src/modules/addon-creation/view.js,200,POST,/v2/self/addons,old legacy client (console3-local API.x.y.get() tree),,CreateAddonCommand,no (command already exists),"self-scoped variant, auto-resolved to the organisation-scoped command below"
console3,../console3/src/modules/addon-creation/view.js,518,POST,/v2/organisations/:XXX/applications/:XXX/addons,old legacy client (console3-local API.x.y.get() tree),,AddLink,no (command already exists),À fusionner
console3,../console3/src/modules/addon-creation/view.js,522,POST,/v2/self/applications/:XXX/addons,old legacy client (console3-local API.x.y.get() tree),,AddLink,no (command already exists),"self-scoped variant, auto-resolved to the organisation-scoped command below"
console3,../console3/src/modules/addon-creation/view.js,589,GET,/v2/providers/es-addon/tmp/services-flavors,legacy client (@clevercloud/client esm/api/*),,GetProductElasticsearchInfoCommand,no (command already exists),
console3,../console3/src/modules/addon-provider-plans/view.js,61,POST,/v2/organisations/:XXX/addonproviders/:XXX/plans,old legacy client (console3-local API.x.y.get() tree),,CreateAddonProviderPlanCommand,no (command already exists),
console3,../console3/src/modules/addon-provider-plans/view.js,78,PUT,/v2/organisations/:XXX/addonproviders/:XXX/plans/:XXX,old legacy client (console3-local API.x.y.get() tree),,UpdateAddonProviderPlanCommand,no (command already exists),
console3,../console3/src/modules/addon-provider-plans/view.js,115,POST,/v2/organisations/:XXX/addonproviders/:XXX/features,old legacy client (console3-local API.x.y.get() tree),,CreateAddonProviderFeatureCommand,no (command already exists),
console3,../console3/src/modules/addon-provider-plans/view.js,141,PUT,/v2/organisations/:XXX/addonproviders/:XXX/plans/:XXX,old legacy client (console3-local API.x.y.get() tree),,UpdateAddonProviderPlanCommand,no (command already exists),
console3,../console3/src/modules/addon-provider-plans/view.js,199,DELETE,/v2/organisations/:XXX/addonproviders/:XXX/features/:XXX,old legacy client (console3-local API.x.y.get() tree),,DeleteAddonProviderFeatureCommand,no (command already exists),
console3,../console3/src/modules/addon-provider-plans/view.js,215,DELETE,/v2/organisations/:XXX/addonproviders/:XXX/plans/:XXX,old legacy client (console3-local API.x.y.get() tree),,DeleteAddonProviderPlanCommand,no (command already exists),
console3,../console3/src/modules/addon-provider-plans/view.js,257,PUT,/v2/organisations/:XXX/addonproviders/:XXX/plans/:XXX,old legacy client (console3-local API.x.y.get() tree),,UpdateAddonProviderPlanCommand,no (command already exists),
console3,../console3/src/modules/app-creation/view.js,155,POST,/v2/organisations/:XXX/applications,old legacy client (console3-local API.x.y.get() tree),,CreateApplicationCommand,no (command already exists),
console3,../console3/src/modules/app-creation/view.js,156,POST,/v2/self/applications,old legacy client (console3-local API.x.y.get() tree),,CreateApplicationCommand,no (command already exists),"self-scoped variant, auto-resolved to the organisation-scoped command below"
console3,../console3/src/modules/app-creation/view.js,187,GET,/v2/self,old legacy client (console3-local API.x.y.get() tree),,ListProfileEmailAddressCommand/GetProfileCommand,no (command already exists),
console3,../console3/src/modules/app-deployment/main.js,47,GET,/v2/organisations/:XXX/applications/:XXX/deployments,old legacy client (console3-local API.x.y.get() tree),,ListDeployment,no (command already exists),On regroupe
console3,../console3/src/modules/app-deployment/main.js,48,GET,/v2/self/applications/:XXX/deployments,old legacy client (console3-local API.x.y.get() tree),,ListDeployment,no (command already exists),"self-scoped variant, auto-resolved to the organisation-scoped command below"
console3,../console3/src/modules/app-deployment/main.js,81,POST,/v2/organisations/:XXX/applications/:XXX/instances,old legacy client (console3-local API.x.y.get() tree),,DeployApplicationCommand,no (command already exists),
console3,../console3/src/modules/app-deployment/main.js,82,POST,/v2/self/applications/:XXX/instances,old legacy client (console3-local API.x.y.get() tree),,DeployApplicationCommand,no (command already exists),"self-scoped variant, auto-resolved to the organisation-scoped command below"
console3,../console3/src/modules/apps-pane/apps-pane.data-streams.js,80,GET,/v2/organisations/:XXX/addons,old legacy client (console3-local API.x.y.get() tree),,ListAddonCommand,no (command already exists),
console3,../console3/src/modules/avatar/view.js,181,PUT,/v2/organisations/:XXX/avatar,old legacy client (console3-local API.x.y.get() tree),,UpdateOrganisationAvatarCommand,no (command already exists),
console3,../console3/src/modules/avatar/view.js,186,PUT,/v2/self/avatar,old legacy client (console3-local API.x.y.get() tree),,UpdateProfileAvatarCommand,no (command already exists),
console3,../console3/src/modules/cards/view.es6.js,97,GET,/v4/billing/organisations/:XXX/payments/stripe/intent,legacy client (@clevercloud/client esm/api/*),,GetStripeIntentCommand,no (command already exists),
console3,../console3/src/modules/cards/view.es6.js,126,POST,/v4/billing/organisations/:XXX/payments/methods,legacy client (@clevercloud/client esm/api/*),,CreatePaymentMethodCommand,no (command already exists),
console3,../console3/src/modules/cards/view.es6.js,157,POST,/v4/billing/organisations/:XXX/payments/methods,legacy client (@clevercloud/client esm/api/*),,CreatePaymentMethodCommand,no (command already exists),
console3,../console3/src/modules/events-notifications/main.js,184,GET,/v2/organisations/:XXX/members,old legacy client (console3-local API.x.y.get() tree),,ListOrganisationMemberCommand,no (command already exists),
console3,../console3/src/modules/events-notifications/main.js,296,GET,/v2/organisations/:XXX/addons/:XXX,old legacy client (console3-local API.x.y.get() tree),,GetAddonCommand,no (command already exists),
console3,../console3/src/modules/events-notifications/main.js,317,GET,/v2/organisations/:XXX/applications/:XXX,old legacy client (console3-local API.x.y.get() tree),,GetApplicationCommand,no (command already exists),composite: this endpoint is merged with others behind one command
console3,../console3/src/modules/events-notifications/main.js,345,GET,/v2/self/applications/:XXX,old legacy client (console3-local API.x.y.get() tree),,GetApplicationCommand,no (command already exists),"self-scoped variant, auto-resolved to the organisation-scoped command below"
console3,../console3/src/modules/events-notifications/main.js,347,GET,/v2/organisations/:XXX/applications/:XXX,old legacy client (console3-local API.x.y.get() tree),,GetApplicationCommand,no (command already exists),composite: this endpoint is merged with others behind one command
console3,../console3/src/modules/events-notifications/main.js,391,GET,/v2/organisations/:XXX/applications/:XXX,old legacy client (console3-local API.x.y.get() tree),,GetApplicationCommand,no (command already exists),composite: this endpoint is merged with others behind one command
console3,../console3/src/modules/events-notifications/main.js,392,GET,/v2/self/applications/:XXX,old legacy client (console3-local API.x.y.get() tree),,GetApplicationCommand,no (command already exists),"self-scoped variant, auto-resolved to the organisation-scoped command below"
console3,../console3/src/modules/events-notifications/main.js,411,GET,/v2/organisations/:XXX/applications/:XXX,old legacy client (console3-local API.x.y.get() tree),,GetApplicationCommand,no (command already exists),composite: this endpoint is merged with others behind one command
console3,../console3/src/modules/events-notifications/main.js,412,GET,/v2/self/applications/:XXX,old legacy client (console3-local API.x.y.get() tree),,GetApplicationCommand,no (command already exists),"self-scoped variant, auto-resolved to the organisation-scoped command below"
console3,../console3/src/modules/github/main.js,7,GET,/v2/github/applications,old legacy client (console3-local API.x.y.get() tree),,ListGithubApplicationCommand,no (command already exists),
console3,../console3/src/modules/github/main.js,24,DELETE,/v2/github/link,old legacy client (console3-local API.x.y.get() tree),,UnlinkGithubAccountCommand,no (command already exists),
console3,../console3/src/modules/github/main.js,35,GET,/v2/github,old legacy client (console3-local API.x.y.get() tree),,GetGithubLinkTransactionIdCommand,no (command already exists),
console3,../console3/src/modules/headbar/main.js,248,POST,/v2/organisations/:XXX/applications/:XXX/instances,old legacy client (console3-local API.x.y.get() tree),,DeployApplicationCommand,no (command already exists),
console3,../console3/src/modules/headbar/main.js,249,POST,/v2/self/applications/:XXX/instances,old legacy client (console3-local API.x.y.get() tree),,DeployApplicationCommand,no (command already exists),"self-scoped variant, auto-resolved to the organisation-scoped command below"
console3,../console3/src/modules/loader/main.js,81,GET,/v2/products/addonproviders,old legacy client (console3-local API.x.y.get() tree),,ListProductAddonCommand,no (command already exists),
console3,../console3/src/modules/orga-informations/main.es6.js,29,GET,/v2/vat_check,old legacy client (console3-local API.x.y.get() tree),,CheckVatNumberCommand,no (command already exists),
console3,../console3/src/modules/owner-cards/main.es6.js,58,DELETE,/v4/billing/organisations/:XXX/payments/methods/:XXX,legacy client (@clevercloud/client esm/api/*),,DeletePaymentMethodCommand,no (command already exists),
console3,../console3/src/modules/owner-cards/main.es6.js,87,PUT,/v4/billing/organisations/:XXX/payments/methods/default,legacy client (@clevercloud/client esm/api/*),,SetPrimaryPaymentMethodCommand,no (command already exists),
console3,../console3/src/modules/owner-notifications/main.es6.js,53,GET,/v2/organisations/:XXX/members,old legacy client (console3-local API.x.y.get() tree),,ListOrganisationMemberCommand,no (command already exists),
console3,../console3/src/modules/owner-notifications/main.es6.js,72,GET,/v2/notifications/info/webhookformats,legacy client (@clevercloud/client esm/api/*),,GetNotificationInfo,no (command already exists),À fusionner
console3,../console3/src/modules/owner-notifications/main.es6.js,77,GET,/v2/notifications/info/events,legacy client (@clevercloud/client esm/api/*),,GetNotificationInfoCommand,no (command already exists),composite: this endpoint is merged with others behind one command; À fusionner
console3,../console3/src/modules/owner-notifications/main.es6.js,82,GET,/v2/notifications/webhooks/:XXX,legacy client (@clevercloud/client esm/api/*),,ListWebhookNotificationCommand,no (command already exists),
console3,../console3/src/modules/owner-notifications/main.es6.js,87,GET,/v2/notifications/emailhooks/:XXX,legacy client (@clevercloud/client esm/api/*),,ListEmailNotificationCommand,no (command already exists),
console3,../console3/src/modules/owner-notifications/main.es6.js,103,POST,/v2/notifications/webhooks/:XXX,legacy client (@clevercloud/client esm/api/*),,CreateWebhookNotificationCommand,no (command already exists),
console3,../console3/src/modules/owner-notifications/main.es6.js,114,POST,/v2/notifications/emailhooks/:XXX,legacy client (@clevercloud/client esm/api/*),,CreateEmailNotificationCommand,no (command already exists),
console3,../console3/src/modules/owner-notifications/main.es6.js,119,DELETE,/v2/notifications/webhooks/:XXX/:XXX,legacy client (@clevercloud/client esm/api/*),,DeleteWebhookNotificationCommand,no (command already exists),
console3,../console3/src/modules/owner-notifications/main.es6.js,124,DELETE,/v2/notifications/emailhooks/:XXX/:XXX,legacy client (@clevercloud/client esm/api/*),,DeleteEmailNotificationCommand,no (command already exists),
console3,../console3/src/modules/panes/main.js,50,GET,/v2/self,old legacy client (console3-local API.x.y.get() tree),,ListProfileEmailAddressCommand/GetProfileCommand,no (command already exists),
console3,../console3/src/modules/panes/main.js,100,GET,/v4/billing/organisations/:XXX/invoices/unpaid,legacy client (@clevercloud/client esm/api/*),,ListUnpaidInvoiceCommand,no (command already exists),À regrouper
console3,../console3/src/modules/payment/view.js,101,POST,/v4/billing/organisations/:XXX/invoices/:XXX/payments/paypal,legacy client (@clevercloud/client esm/api/*),,InitPaypalCommand,no (command already exists),
console3,../console3/src/modules/payment/view.js,136,POST,/v4/billing/organisations/:XXX/invoices/:XXX/payments/stripe,legacy client (@clevercloud/client esm/api/*),,InitStripeCommand,no (command already exists),
console3,../console3/src/modules/payment/view.js,147,PUT,/v4/billing/organisations/:XXX/invoices/:XXX/payments/stripe/:XXX,legacy client (@clevercloud/client esm/api/*),,AuthorizeStripeCommand,no (command already exists),
console3,../console3/src/modules/user-information/view.js,40,PUT,/v2/self,old legacy client (console3-local API.x.y.get() tree),,UpdateProfileCommand,no (command already exists),
console3,../console3/src/modules/user-information/view.js,102,PUT,/v2/self,old legacy client (console3-local API.x.y.get() tree),,UpdateProfileCommand,no (command already exists),
console3,../console3/src/server/crisphash.js,18,GET,/v2/self,"internal implementation (raw fetch, bypasses client entirely)","selfAPICheck() - Node backend route, not the browser app",ListProfileEmailAddressCommand/GetProfileCommand,no (command already exists),
console3,../console3/src/statepoints-wc/addon-materia-explorer.js,14,GET,/v2/organisations/:XXX/addons/:XXX/env,legacy client (@clevercloud/client esm/api/*),,GetEnvironment,no (command already exists),composite: this endpoint is merged with others behind one command; Fusion avec app/addon et avec inlude links
console3,../console3/src/statepoints-wc/addon-overview-cellar.sp.js,18,GET,/v2/organisations/:XXX/addons/:XXX,legacy client (@clevercloud/client esm/api/*),,GetAddonCommand,no (command already exists),
console3,../console3/src/statepoints-wc/addon-redis-explorer.js,15,GET,/v2/organisations/:XXX/addons/:XXX/env,legacy client (@clevercloud/client esm/api/*),,GetEnvironment,no (command already exists),composite: this endpoint is merged with others behind one command; Fusion avec app/addon et avec inlude links
console3,../console3/src/statepoints-wc/app-env-vars.sp.js,46,GET,/v2/organisations/:XXX/applications/:XXX/env,legacy client (@clevercloud/client esm/api/*),,GetEnvironmentCommand,no (command already exists),Fusion avec app/addon et avec inlude links
console3,../console3/src/statepoints-wc/app-overview.sp.js,124,GET,/v4/products/zones,legacy client (@clevercloud/client esm/api/*),,ListZoneCommand,no (command already exists),
console3,../console3/src/statepoints-wc/app-overview.sp.js,145,GET,/v2/organisations/:XXX/applications/:XXX/env,legacy client (@clevercloud/client esm/api/*),,GetEnvironmentCommand,no (command already exists),Fusion avec app/addon et avec inlude links
console3,../console3/src/statepoints-wc/app-overview.sp.js,260,POST,/v2/organisations/:XXX/applications/:XXX/instances,legacy client (@clevercloud/client esm/api/*),,DeployApplicationCommand,no (command already exists),
console3,../console3/src/statepoints-wc/app-overview.sp.js,267,DELETE,/v2/organisations/:XXX/applications/:XXX/deployments/:XXX/instances,legacy client (@clevercloud/client esm/api/*),,CancelDeploymentCommand,no (command already exists),
console3,../console3/src/statepoints-wc/app-overview.sp.js,274,DELETE,/v2/organisations/:XXX/applications/:XXX/instances,legacy client (@clevercloud/client esm/api/*),,UndeployApplicationCommand,no (command already exists),
console3,../console3/src/statepoints-wc/app-overview.sp.js,278,GET,/v2/organisations/:XXX/applications/:XXX/addons,legacy client (@clevercloud/client esm/api/*),,ListLink,no (command already exists),À fusionner
console3,../console3/src/statepoints-wc/app-overview.sp.js,280,GET,/v2/providers/:XXX/:XXX,legacy client (@clevercloud/client esm/api/*),,GetElasticsearchInfo,no (command already exists),
console3,../console3/src/statepoints-wc/coupons-and-credits.sp.js,39,GET,/v4/billing/organisations/:XXX/credits/summary,legacy client (@clevercloud/client esm/api/*),,GetCreditsSummaryCommand,no (command already exists),
console3,../console3/src/statepoints-wc/coupons-and-credits.sp.js,104,POST,/v4/billing/organisations/:XXX/applied-coupons,internal implementation (project-local reimplementation of esm/api function shape),applyCoupon,ActivateCouponCommand,no (command already exists),
console3,../console3/src/statepoints-wc/creation-tunnel-step-one.sp.js,27,GET,/v2/products/instances,legacy client (@clevercloud/client esm/api/*),,ListProductRuntimeCommand,no (command already exists),
console3,../console3/src/statepoints-wc/creation-tunnel-step-one.sp.js,28,GET,/v2/products/addonproviders,legacy client (@clevercloud/client esm/api/*),,ListProductAddonCommand,no (command already exists),
console3,../console3/src/statepoints-wc/home.sp.js,391,GET,/v2/self,old legacy client (console3-local API.x.y.get() tree),,ListProfileEmailAddressCommand/GetProfileCommand,no (command already exists),
console3,../console3/src/statepoints-wc/home.sp.js,395,GET,/v4/billing/organisations/:XXX/payments/methods,legacy client (@clevercloud/client esm/api/*),,ListPaymentMethodCommand,no (command already exists),
console3,../console3/src/statepoints-wc/home.sp.js,397,GET,/v2/self/keys,old legacy client (console3-local API.x.y.get() tree),,ListPersonalSshKeyCommand,no (command already exists),
console3,../console3/src/statepoints-wc/home.sp.js,398,GET,/v2/self/tokens,old legacy client (console3-local API.x.y.get() tree),,ListOauthTokenCommand,no (command already exists),
console3,../console3/src/statepoints-wc/lazy-statepoint.js,92,GET,/v2/organisations/:XXX/addons/:XXX,legacy client (@clevercloud/client esm/api/*),,GetAddonCommand,no (command already exists),
console3,../console3/src/statepoints-wc/orga-overview.sp.js,55,GET,/v4/billing/organisations/:XXX/payments/methods,legacy client (@clevercloud/client esm/api/*),,ListPaymentMethodCommand,no (command already exists),
console3,../console3/src/statepoints-wc/orga-overview.sp.js,100,GET,/v2/organisations/:XXX,legacy client (@clevercloud/client esm/api/*),,GetOrganisationCommand,no (command already exists),
console3,../console3/src/statepoints-wc/orga-saas.sp.js,19,GET,/v2/saas/heptapod/:XXX/heptapod.host/price-prevision,legacy client (@clevercloud/client esm/api/*),,GetHeptapodPriceEstimationCommand,no (command already exists),
console3,../console3/src/statepoints-wc/ticket-center.sp.js,47,GET,/v2/organisations/:XXX/members,legacy client (@clevercloud/client esm/api/*),,ListOrganisationMemberCommand,no (command already exists),
console3,../console3/src/statepoints-wc/user-deletion.sp.js,155,GET,/v2/organisations/:XXX,legacy client (@clevercloud/client esm/api/*),,GetOrganisationCommand,no (command already exists),
console3,../console3/src/statepoints-wc/user-deletion.sp.js,159,GET,/v2/organisations,legacy client (@clevercloud/client esm/api/*),,ListOrganisationCommand,no (command already exists),
console3,../console3/src/statepoints-wc/user-deletion.sp.js,162,GET,/v2/organisations/:XXX/members,legacy client (@clevercloud/client esm/api/*),,ListOrganisationMemberCommand,no (command already exists),
console3,../console3/src/statepoints-wc/user-deletion.sp.js,172,DELETE,/v2/organisations/:XXX,legacy client (@clevercloud/client esm/api/*),,DeleteOrganisationCommand,no (command already exists),
console3,../console3/src/statepoints/AddonConfigurationSP.js,15,GET,/v2/organisations/:XXX/addons/:XXX/sso,old legacy client (console3-local API.x.y.get() tree),,GetAddonSsoCommand,no (command already exists),??
console3,../console3/src/statepoints/AddonConfigurationSP.js,16,GET,/v2/self/addons/:XXX/sso,old legacy client (console3-local API.x.y.get() tree),,GetAddonSsoCommand,no (command already exists),"self-scoped variant, auto-resolved to the organisation-scoped command below"
console3,../console3/src/statepoints/AddonCreationSP.js,33,GET,/v4/products/zones,legacy client (@clevercloud/client esm/api/*),,ListZoneCommand,no (command already exists),
console3,../console3/src/statepoints/AddonCreationSP.js,42,GET,/v2/organisations/:XXX/members,old legacy client (console3-local API.x.y.get() tree),,ListOrganisationMemberCommand,no (command already exists),
console3,../console3/src/statepoints/AddonCreationSP.js,66,GET,/v4/billing/organisations/:XXX/price-system,legacy client (@clevercloud/client esm/api/*),,GetPriceSystemCommand,no (command already exists),À regrouper
console3,../console3/src/statepoints/AddonMigrationSP.es6.js,45,GET,/v2/organisations/:XXX/addons/:XXX,old legacy client (console3-local API.x.y.get() tree),,GetAddonCommand,no (command already exists),
console3,../console3/src/statepoints/AddonMigrationSP.es6.js,46,GET,/v2/self/addons/:XXX,old legacy client (console3-local API.x.y.get() tree),,GetAddonCommand,no (command already exists),"self-scoped variant, auto-resolved to the organisation-scoped command below"
console3,../console3/src/statepoints/AddonMigrationSP.es6.js,59,GET,/v4/products/zones,legacy client (@clevercloud/client esm/api/*),,ListZoneCommand,no (command already exists),
console3,../console3/src/statepoints/AddonMigrationSP.es6.js,66,GET,/v2/products/addonproviders/:XXX/versions,old legacy client (console3-local API.x.y.get() tree),,IGNORE,no (endpoint intentionally ignored/unused),C'est la meme chose que [GET] /v4/addon-providers/:XXX mais avec moins d'info (on a pas les options). On peut tout à fait utiliser l'autre et virer celui là
console3,../console3/src/statepoints/AddonMigrationSP.es6.js,74,GET,/v2/organisations/:XXX/addons/:XXX/applications,old legacy client (console3-local API.x.y.get() tree),,ListLinkCommand,no (command already exists),composite: this endpoint is merged with others behind one command; À fusionner
console3,../console3/src/statepoints/AddonMigrationSP.es6.js,89,GET,/v4/billing/organisations/:XXX/price-system,legacy client (@clevercloud/client esm/api/*),,GetPriceSystemCommand,no (command already exists),À regrouper
console3,../console3/src/statepoints/AddonMigrationSP.es6.js,426,DELETE,/v2/organisations/:XXX/addons/:XXX/migrations/:XXX,old legacy client (console3-local API.x.y.get() tree),,CancelMigrationCommand,no (command already exists),
console3,../console3/src/statepoints/AddonMigrationSP.es6.js,484,GET,/v2/organisations/:XXX/addons/:XXX/migrations,old legacy client (console3-local API.x.y.get() tree),,ListMigrationCommand,no (command already exists),
console3,../console3/src/statepoints/AddonMigrationSP.es6.js,495,GET,/v2/organisations/:XXX/addons/:XXX/migrations/:XXX,old legacy client (console3-local API.x.y.get() tree),,GetMigrationCommand,no (command already exists),
console3,../console3/src/statepoints/AddonMigrationSP.es6.js,508,POST,/v2/organisations/:XXX/addons/:XXX/migrations,old legacy client (console3-local API.x.y.get() tree),,StartMigrationCommand,no (command already exists),
console3,../console3/src/statepoints/AddonMigrationSP.es6.js,602,GET,/v2/organisations/:XXX/addons/:XXX/migrations/preorders,legacy client (@clevercloud/client esm/api/*),,ListMigrationPreorderCommand,no (command already exists),??
console3,../console3/src/statepoints/AddonMigrationSP.es6.js,606,GET,/v2/organisations/:XXX/addons/:XXX/migrations/preorders,legacy client (@clevercloud/client esm/api/*),,ListMigrationPreorderCommand,no (command already exists),??
console3,../console3/src/statepoints/AddonProviderCreationSP.es6.js,46,POST,/v2/organisations/:XXX/addonproviders,old legacy client (console3-local API.x.y.get() tree),,CreateAddonProviderCommand,no (command already exists),Ici on est bien sur les AddonProvider qu'un user créé lui meme dans une orga
console3,../console3/src/statepoints/AddonProviderPlansSP.js,19,GET,/v2/organisations/:XXX/addonproviders/:XXX/plans,old legacy client (console3-local API.x.y.get() tree),,ListAddonProviderPlanCommand,no (command already exists),
console3,../console3/src/statepoints/AddonProviderPlansSP.js,20,GET,/v2/organisations/:XXX/addonproviders/:XXX/features,old legacy client (console3-local API.x.y.get() tree),,ListAddonProviderFeatureCommand,no (command already exists),
console3,../console3/src/statepoints/AddonProviderSP.js,15,GET,/v2/organisations/:XXX/addonproviders/:XXX,old legacy client (console3-local API.x.y.get() tree),,GetAddonProviderCommand,no (command already exists),Ici on est bien sur les AddonProvider qu'un user créé lui meme dans une orga
console3,../console3/src/statepoints/AddonProviderSP.js,52,PUT,/v2/organisations/:XXX/addonproviders/:XXX,old legacy client (console3-local API.x.y.get() tree),,UpdateAddonProviderCommand,no (command already exists),Ici on est bien sur les AddonProvider qu'un user créé lui meme dans une orga
console3,../console3/src/statepoints/AddonSP.js,29,GET,/v2/organisations/:XXX/addons/:XXX/applications,old legacy client (console3-local API.x.y.get() tree),,ListLinkCommand,no (command already exists),composite: this endpoint is merged with others behind one command; À fusionner
console3,../console3/src/statepoints/AddonSP.js,30,GET,/v2/self/addons/:XXX/applications,old legacy client (console3-local API.x.y.get() tree),,ListLinkCommand,no (command already exists),"self-scoped variant, auto-resolved to the organisation-scoped command below"
console3,../console3/src/statepoints/AddonSP.js,34,GET,/v4/products/zones,legacy client (@clevercloud/client esm/api/*),,ListZoneCommand,no (command already exists),
console3,../console3/src/statepoints/AddonSP.js,50,GET,/v2/organisations/:XXX/addons/:XXX,old legacy client (console3-local API.x.y.get() tree),,GetAddonCommand,no (command already exists),
console3,../console3/src/statepoints/AddonSP.js,51,GET,/v2/self/addons/:XXX,old legacy client (console3-local API.x.y.get() tree),,GetAddonCommand,no (command already exists),"self-scoped variant, auto-resolved to the organisation-scoped command below"
console3,../console3/src/statepoints/AddonSP.js,55,GET,/v2/organisations/:XXX/addons/:XXX/env,old legacy client (console3-local API.x.y.get() tree),,GetEnvironment,no (command already exists),composite: this endpoint is merged with others behind one command; Fusion avec app/addon et avec inlude links
console3,../console3/src/statepoints/AddonSP.js,56,GET,/v2/self/addons/:XXX/env,old legacy client (console3-local API.x.y.get() tree),,GetEnvironment,no (command already exists),"self-scoped variant, auto-resolved to the organisation-scoped command below"
console3,../console3/src/statepoints/AddonSP.js,77,GET,/v2/organisations/:XXX/addons/:XXX/tags,old legacy client (console3-local API.x.y.get() tree),,ListTagCommand,no (command already exists),À fusionner avec tags d'app (pas utilisé encore)
console3,../console3/src/statepoints/AddonSP.js,78,GET,/v2/self/addons/:XXX/tags,old legacy client (console3-local API.x.y.get() tree),,ListTagCommand,no (command already exists),"self-scoped variant, auto-resolved to the organisation-scoped command below"
console3,../console3/src/statepoints/AddonSP.js,118,DELETE,/v2/organisations/:XXX/addons/:XXX/tags/:XXX,old legacy client (console3-local API.x.y.get() tree),,DeleteTagCommand,no (command already exists),À fusionner avec tags d'app (pas utilisé encore)
console3,../console3/src/statepoints/AddonSP.js,119,DELETE,/v2/self/addons/:XXX/tags/:XXX,old legacy client (console3-local API.x.y.get() tree),,DeleteTagCommand,no (command already exists),"self-scoped variant, auto-resolved to the organisation-scoped command below"
console3,../console3/src/statepoints/AddonSP.js,173,DELETE,/v2/organisations/:XXX/addons/:XXX,old legacy client (console3-local API.x.y.get() tree),,DeleteAddonCommand,no (command already exists),
console3,../console3/src/statepoints/AddonSP.js,174,DELETE,/v2/self/addons/:XXX,old legacy client (console3-local API.x.y.get() tree),,DeleteAddonCommand,no (command already exists),"self-scoped variant, auto-resolved to the organisation-scoped command below"
console3,../console3/src/statepoints/AddonSP.js,235,PUT,/v2/organisations/:XXX/addons/:XXX,old legacy client (console3-local API.x.y.get() tree),,UpdateAddonCommand,no (command already exists),
console3,../console3/src/statepoints/AddonSP.js,236,PUT,/v2/self/addons/:XXX,old legacy client (console3-local API.x.y.get() tree),,UpdateAddonCommand,no (command already exists),"self-scoped variant, auto-resolved to the organisation-scoped command below"
console3,../console3/src/statepoints/AddonSP.js,259,PUT,/v2/organisations/:XXX/addons/:XXX/tags/:XXX,old legacy client (console3-local API.x.y.get() tree),,UpdateTag,no (command already exists),À fusionner avec tags d'app (pas utilisé encore)
console3,../console3/src/statepoints/AddonSP.js,260,PUT,/v2/self/addons/:XXX/tags/:XXX,old legacy client (console3-local API.x.y.get() tree),,UpdateTag,no (command already exists),"self-scoped variant, auto-resolved to the organisation-scoped command below"
console3,../console3/src/statepoints/AppConfigurationSP.js,38,GET,/v2/products/instances/:XXX-:XXX,old legacy client (console3-local API.x.y.get() tree),,GetProductRuntimeCommand,no (command already exists),
console3,../console3/src/statepoints/AppConfigurationSP.js,51,GET,/v4/billing/organisations/:XXX/price-system,legacy client (@clevercloud/client esm/api/*),,GetPriceSystemCommand,no (command already exists),À regrouper
console3,../console3/src/statepoints/AppConfigurationSP.js,85,GET,/v2/organisations/:XXX/applications/:XXX,old legacy client (console3-local API.x.y.get() tree),,GetApplicationCommand,no (command already exists),composite: this endpoint is merged with others behind one command
console3,../console3/src/statepoints/AppConfigurationSP.js,86,GET,/v2/self/applications/:XXX,old legacy client (console3-local API.x.y.get() tree),,GetApplicationCommand,no (command already exists),"self-scoped variant, auto-resolved to the organisation-scoped command below"
console3,../console3/src/statepoints/AppConfigurationSP.js,182,PUT,/v2/organisations/:XXX/applications/:XXX,old legacy client (console3-local API.x.y.get() tree),,UpdateApplicationCommand,no (command already exists),composite: this endpoint is merged with others behind one command; À fusionner avec update application
console3,../console3/src/statepoints/AppConfigurationSP.js,183,PUT,/v2/self/applications/:XXX,old legacy client (console3-local API.x.y.get() tree),,UpdateApplicationCommand,no (command already exists),"self-scoped variant, auto-resolved to the organisation-scoped command below"
console3,../console3/src/statepoints/AppConfigurationSP.js,211,GET,/v2/organisations/:XXX/applications/:XXX/instances,old legacy client (console3-local API.x.y.get() tree),,ListInstance,no (command already exists),À mettre en legacy et fusionner avec le endpoint full orga
console3,../console3/src/statepoints/AppConfigurationSP.js,212,GET,/v2/self/applications/:XXX/instances,old legacy client (console3-local API.x.y.get() tree),,ListInstance,no (command already exists),"self-scoped variant, auto-resolved to the organisation-scoped command below"
console3,../console3/src/statepoints/AppCreationSP.js,28,GET,/v2/organisations/:XXX/members,old legacy client (console3-local API.x.y.get() tree),,ListOrganisationMemberCommand,no (command already exists),
console3,../console3/src/statepoints/AppCreationSP.js,45,GET,/v2/self,old legacy client (console3-local API.x.y.get() tree),,ListProfileEmailAddressCommand/GetProfileCommand,no (command already exists),
console3,../console3/src/statepoints/AppCreationSP.js,53,GET,/v2/github/applications,old legacy client (console3-local API.x.y.get() tree),,ListGithubApplicationCommand,no (command already exists),
console3,../console3/src/statepoints/AppCreationSP.js,68,GET,/v2/products/instances,legacy client (@clevercloud/client esm/api/*),,ListProductRuntimeCommand,no (command already exists),
console3,../console3/src/statepoints/AppCreationSP.js,80,GET,/v4/products/zones,legacy client (@clevercloud/client esm/api/*),,ListZoneCommand,no (command already exists),
console3,../console3/src/statepoints/AppCreationSP.js,88,GET,/v4/billing/organisations/:XXX/price-system,legacy client (@clevercloud/client esm/api/*),,GetPriceSystemCommand,no (command already exists),À regrouper
console3,../console3/src/statepoints/AppDeploymentsSP.js,36,GET,/v2/organisations/:XXX/applications/:XXX,old legacy client (console3-local API.x.y.get() tree),,GetApplicationCommand,no (command already exists),composite: this endpoint is merged with others behind one command
console3,../console3/src/statepoints/AppDeploymentsSP.js,37,GET,/v2/self/applications/:XXX,old legacy client (console3-local API.x.y.get() tree),,GetApplicationCommand,no (command already exists),"self-scoped variant, auto-resolved to the organisation-scoped command below"
console3,../console3/src/statepoints/AppDeploymentsSP.js,55,GET,/v2/organisations/:XXX/members,old legacy client (console3-local API.x.y.get() tree),,ListOrganisationMemberCommand,no (command already exists),
console3,../console3/src/statepoints/AppDeploymentsSP.js,56,GET,/v2/self,old legacy client (console3-local API.x.y.get() tree),,ListProfileEmailAddressCommand/GetProfileCommand,no (command already exists),
console3,../console3/src/statepoints/AppDeploymentsSP.js,110,DELETE,/v2/organisations/:XXX/applications/:XXX/deployments/:XXX/instances,old legacy client (console3-local API.x.y.get() tree),,CancelDeploymentCommand,no (command already exists),
console3,../console3/src/statepoints/AppDeploymentsSP.js,114,DELETE,/v2/self/applications/:XXX/deployments/:XXX/instances,old legacy client (console3-local API.x.y.get() tree),,CancelDeploymentCommand,no (command already exists),"self-scoped variant, auto-resolved to the organisation-scoped command below"
console3,../console3/src/statepoints/AppDeploymentsSP.js,232,POST,/v2/organisations/:XXX/applications/:XXX/instances,old legacy client (console3-local API.x.y.get() tree),,DeployApplicationCommand,no (command already exists),
console3,../console3/src/statepoints/AppDeploymentsSP.js,233,POST,/v2/self/applications/:XXX/instances,old legacy client (console3-local API.x.y.get() tree),,DeployApplicationCommand,no (command already exists),"self-scoped variant, auto-resolved to the organisation-scoped command below"
console3,../console3/src/statepoints/AppDeploymentsSP.js,272,GET,/v2/organisations/:XXX/applications/:XXX/deployments,old legacy client (console3-local API.x.y.get() tree),,ListDeployment,no (command already exists),On regroupe
console3,../console3/src/statepoints/AppDeploymentsSP.js,273,GET,/v2/self/applications/:XXX/deployments,old legacy client (console3-local API.x.y.get() tree),,ListDeployment,no (command already exists),"self-scoped variant, auto-resolved to the organisation-scoped command below"
console3,../console3/src/statepoints/AppSP.js,28,GET,/v2/organisations/:XXX/applications/:XXX,old legacy client (console3-local API.x.y.get() tree),,GetApplicationCommand,no (command already exists),composite: this endpoint is merged with others behind one command
console3,../console3/src/statepoints/AppSP.js,35,GET,/v4/products/zones,legacy client (@clevercloud/client esm/api/*),,ListZoneCommand,no (command already exists),
console3,../console3/src/statepoints/AppSP.js,42,GET,/v2/self/keys,old legacy client (console3-local API.x.y.get() tree),,ListPersonalSshKeyCommand,no (command already exists),
console3,../console3/src/statepoints/AppSP.js,47,GET,/v2/organisations/:XXX/members,old legacy client (console3-local API.x.y.get() tree),,ListOrganisationMemberCommand,no (command already exists),
console3,../console3/src/statepoints/AppSP.js,51,GET,/v2/organisations/:XXX/applications/:XXX/branches,old legacy client (console3-local API.x.y.get() tree),,GetApplicationBranchesCommand,no (command already exists),À fusionner avec get application
console3,../console3/src/statepoints/AppSP.js,160,PUT,/v2/organisations/:XXX/applications/:XXX,old legacy client (console3-local API.x.y.get() tree),,UpdateApplicationCommand,no (command already exists),composite: this endpoint is merged with others behind one command; À fusionner avec update application
console3,../console3/src/statepoints/AppSP.js,170,PUT,/v2/organisations/:XXX/applications/:XXX/branch,old legacy client (console3-local API.x.y.get() tree),,UpdateApplication,no (command already exists),À fusionner avec update application
console3,../console3/src/statepoints/AppSP.js,184,PUT,/v2/organisations/:XXX/applications/:XXX/buildflavor,old legacy client (console3-local API.x.y.get() tree),,UpdateApplication,no (command already exists),À fusionner avec update application
console3,../console3/src/statepoints/AppSP.js,266,DELETE,/v2/organisations/:XXX/applications/:XXX,old legacy client (console3-local API.x.y.get() tree),,DeleteApplicationCommand,no (command already exists),
console3,../console3/src/statepoints/AppSP.js,285,PUT,/v2/organisations/:XXX/applications/:XXX,old legacy client (console3-local API.x.y.get() tree),,UpdateApplicationCommand,no (command already exists),composite: this endpoint is merged with others behind one command; À fusionner avec update application
console3,../console3/src/statepoints/AppServicesDependenciesSP.es6.js,41,GET,/v2/organisations/:XXX/applications/:XXX,old legacy client (console3-local API.x.y.get() tree),,GetApplicationCommand,no (command already exists),composite: this endpoint is merged with others behind one command
console3,../console3/src/statepoints/AppServicesDependenciesSP.es6.js,42,GET,/v2/self/applications/:XXX,old legacy client (console3-local API.x.y.get() tree),,GetApplicationCommand,no (command already exists),"self-scoped variant, auto-resolved to the organisation-scoped command below"
console3,../console3/src/statepoints/AppServicesDependenciesSP.es6.js,47,GET,/v4/products/zones,legacy client (@clevercloud/client esm/api/*),,ListZoneCommand,no (command already exists),
console3,../console3/src/statepoints/AppServicesDependenciesSP.es6.js,54,GET,/v2/organisations/:XXX/addons,old legacy client (console3-local API.x.y.get() tree),,ListAddonCommand,no (command already exists),
console3,../console3/src/statepoints/AppServicesDependenciesSP.es6.js,54,GET,/v2/self/addons,old legacy client (console3-local API.x.y.get() tree),,ListAddonCommand,no (command already exists),"self-scoped variant, auto-resolved to the organisation-scoped command below"
console3,../console3/src/statepoints/AppServicesDependenciesSP.es6.js,71,GET,/v2/organisations/:XXX/applications/:XXX/addons,old legacy client (console3-local API.x.y.get() tree),,ListLink,no (command already exists),À fusionner
console3,../console3/src/statepoints/AppServicesDependenciesSP.es6.js,72,GET,/v2/self/applications/:XXX/addons,old legacy client (console3-local API.x.y.get() tree),,ListLink,no (command already exists),"self-scoped variant, auto-resolved to the organisation-scoped command below"
console3,../console3/src/statepoints/AppServicesDependenciesSP.es6.js,76,GET,/v2/organisations/:XXX/applications/:XXX/dependencies,old legacy client (console3-local API.x.y.get() tree),,ListLink,no (command already exists),À fusionner
console3,../console3/src/statepoints/AppServicesDependenciesSP.es6.js,77,GET,/v2/self/applications/:XXX/dependencies,old legacy client (console3-local API.x.y.get() tree),,ListLink,no (command already exists),"self-scoped variant, auto-resolved to the organisation-scoped command below"
console3,../console3/src/statepoints/AppServicesDependenciesSP.es6.js,188,POST,/v2/organisations/:XXX/applications/:XXX/addons,old legacy client (console3-local API.x.y.get() tree),,AddLink,no (command already exists),À fusionner
console3,../console3/src/statepoints/AppServicesDependenciesSP.es6.js,189,POST,/v2/self/applications/:XXX/addons,old legacy client (console3-local API.x.y.get() tree),,AddLink,no (command already exists),"self-scoped variant, auto-resolved to the organisation-scoped command below"
console3,../console3/src/statepoints/AppServicesDependenciesSP.es6.js,208,DELETE,/v2/organisations/:XXX/applications/:XXX/addons/:XXX,old legacy client (console3-local API.x.y.get() tree),,RemoveLink,no (command already exists),À fusionner
console3,../console3/src/statepoints/AppServicesDependenciesSP.es6.js,209,DELETE,/v2/self/applications/:XXX/addons/:XXX,old legacy client (console3-local API.x.y.get() tree),,RemoveLink,no (command already exists),"self-scoped variant, auto-resolved to the organisation-scoped command below"
console3,../console3/src/statepoints/AppServicesDependenciesSP.es6.js,318,PUT,/v2/organisations/:XXX/applications/:XXX/dependencies/:XXX,old legacy client (console3-local API.x.y.get() tree),,AddLinkCommand,no (command already exists),composite: this endpoint is merged with others behind one command; À fusionner
console3,../console3/src/statepoints/AppServicesDependenciesSP.es6.js,319,PUT,/v2/self/applications/:XXX/dependencies/:XXX,old legacy client (console3-local API.x.y.get() tree),,AddLinkCommand,no (command already exists),"self-scoped variant, auto-resolved to the organisation-scoped command below"
console3,../console3/src/statepoints/AppServicesDependenciesSP.es6.js,338,DELETE,/v2/organisations/:XXX/applications/:XXX/dependencies/:XXX,old legacy client (console3-local API.x.y.get() tree),,RemoveLinkCommand,no (command already exists),composite: this endpoint is merged with others behind one command; À fusionner
console3,../console3/src/statepoints/AppServicesDependenciesSP.es6.js,339,DELETE,/v2/self/applications/:XXX/dependencies/:XXX,old legacy client (console3-local API.x.y.get() tree),,RemoveLinkCommand,no (command already exists),"self-scoped variant, auto-resolved to the organisation-scoped command below"
console3,../console3/src/statepoints/AuthLogoutSP.js,22,DELETE,/v2/self/tokens/:XXX,old legacy client (console3-local API.x.y.get() tree),,DeleteToken,no (command already exists),A fusionner avec Token Delete
console3,../console3/src/statepoints/BillSP.js,22,GET,/v4/billing/organisations/:XXX/payments/methods,legacy client (@clevercloud/client esm/api/*),,ListPaymentMethodCommand,no (command already exists),
console3,../console3/src/statepoints/HomeSP.js,251,GET,/v2/self,old legacy client (console3-local API.x.y.get() tree),,ListProfileEmailAddressCommand/GetProfileCommand,no (command already exists),
console3,../console3/src/statepoints/HomeSP.js,262,GET,/v4/billing/organisations/:XXX/payments/methods,legacy client (@clevercloud/client esm/api/*),,ListPaymentMethodCommand,no (command already exists),
console3,../console3/src/statepoints/HomeSP.js,319,GET,/v2/self/confirmation_email,old legacy client (console3-local API.x.y.get() tree),,RequestProfileEmailConfirmationCommand,no (command already exists),
console3,../console3/src/statepoints/Metrics.es6.js,41,GET,/v2/organisations/:XXX/applications/:XXX,old legacy client (console3-local API.x.y.get() tree),,GetApplicationCommand,no (command already exists),composite: this endpoint is merged with others behind one command
console3,../console3/src/statepoints/Metrics.es6.js,53,GET,/v2/organisations/:XXX/addons/:XXX/instances,old legacy client (console3-local API.x.y.get() tree),,ListInstance,no (command already exists),On voit si possible au niveau des payload de sortie entre apps et addons
console3,../console3/src/statepoints/Metrics.es6.js,66,GET,/v2/organisations/:XXX/addons/:XXX,old legacy client (console3-local API.x.y.get() tree),,GetAddonCommand,no (command already exists),
console3,../console3/src/statepoints/OrgaCreationSP.js,42,POST,/v2/organisations,old legacy client (console3-local API.x.y.get() tree),,CreateOrganisationCommand,no (command already exists),
console3,../console3/src/statepoints/OrgaJoinSP.js,12,POST,/v2/organisations/:XXX/members,old legacy client (console3-local API.x.y.get() tree),,AddOrganisationMemberCommand,no (command already exists),
console3,../console3/src/statepoints/OrgaSP.es6.js,25,GET,/v2/organisations/:XXX,old legacy client (console3-local API.x.y.get() tree),,GetOrganisationCommand,no (command already exists),
console3,../console3/src/statepoints/OrgaSP.es6.js,27,GET,/v2/organisations/:XXX/members,old legacy client (console3-local API.x.y.get() tree),,ListOrganisationMemberCommand,no (command already exists),
console3,../console3/src/statepoints/OrgaSP.es6.js,146,DELETE,/v2/organisations/:XXX,old legacy client (console3-local API.x.y.get() tree),,DeleteOrganisationCommand,no (command already exists),
console3,../console3/src/statepoints/OrgaSP.es6.js,189,PUT,/v2/organisations/:XXX,old legacy client (console3-local API.x.y.get() tree),,UpdateOrganisationCommand,no (command already exists),
console3,../console3/src/statepoints/PaymentSP.es6.js,26,GET,/v2/organisations/:XXX,old legacy client (console3-local API.x.y.get() tree),,GetOrganisationCommand,no (command already exists),
console3,../console3/src/statepoints/PaymentSP.es6.js,32,GET,/v4/billing/organisations/:XXX/payments/methods,legacy client (@clevercloud/client esm/api/*),,ListPaymentMethodCommand,no (command already exists),
console3,../console3/src/statepoints/PaypalSuccessSP.es6.js,16,PUT,/v4/billing/organisations/:XXX/invoices/:XXX/payments/paypal/:XXX,legacy client (@clevercloud/client esm/api/*),,AuthorizePaypalCommand,no (command already exists),
console3,../console3/src/statepoints/UserInformationSP.js,19,GET,/v2/self,old legacy client (console3-local API.x.y.get() tree),,ListProfileEmailAddressCommand/GetProfileCommand,no (command already exists),
console3,../console3/src/statepoints/UserInformationSP.js,23,GET,/v2/github/username,old legacy client (console3-local API.x.y.get() tree),,GetGithubUsernameCommand,no (command already exists),
console3,../console3/src/statepoints/UserSecuritySP.js,24,GET,/v2/self,old legacy client (console3-local API.x.y.get() tree),,ListProfileEmailAddressCommand/GetProfileCommand,no (command already exists),
console3,../console3/src/statepoints/UserSecuritySP.js,49,PUT,/v2/self/change_password,old legacy client (console3-local API.x.y.get() tree),,UpdateAuthPasswordCommand,no (command already exists),
console3,../console3/src/statepoints/UserSecuritySP.js,85,GET,/v2/self,old legacy client (console3-local API.x.y.get() tree),,ListProfileEmailAddressCommand/GetProfileCommand,no (command already exists),
console3,../console3/src/statepoints/UserSecuritySP.js,95,GET,/v2/self,old legacy client (console3-local API.x.y.get() tree),,ListProfileEmailAddressCommand/GetProfileCommand,no (command already exists),
console3,../console3/src/statepoints/UserSecuritySP.js,119,POST,/v2/self/mfa/:XXX,old legacy client (console3-local API.x.y.get() tree),,CreateAuthMfaCommand,no (command already exists),
console3,../console3/src/statepoints/UserSecuritySP.js,185,POST,/v2/self/mfa/:XXX/confirmation,old legacy client (console3-local API.x.y.get() tree),,ConfirmAuthMfaCommand,no (command already exists),
console3,../console3/src/statepoints/UserSecuritySP.js,230,DELETE,/v2/self/mfa/:XXX,old legacy client (console3-local API.x.y.get() tree),,DeleteAuthMfaCommand,no (command already exists),
console3,../console3/src/statepoints/UserSecuritySP.js,261,GET,/v2/self/mfa/:XXX/backupcodes,old legacy client (console3-local API.x.y.get() tree),,GetAuthMfaBackupCodesCommand,no (command already exists),
console3,../console3/src/statepoints/UserSecuritySP.js,290,GET,/v2/self,old legacy client (console3-local API.x.y.get() tree),,ListProfileEmailAddressCommand/GetProfileCommand,no (command already exists),
console3,../console3/src/statepoints/UserSecuritySP.js,295,GET,/v2/self/emails,old legacy client (console3-local API.x.y.get() tree),,ListProfileEmailAddress,no (command already exists),
console3,../console3/src/statepoints/UserSecuritySP.js,395,POST,/v2/password_forgotten,old legacy client (console3-local API.x.y.get() tree),,IGNORE,no (endpoint intentionally ignored/unused),C'est un POST de formulaire; ça devrait pas être dispo dans le client
console3,../console3/src/statepoints/UserSecuritySP.js,420,GET,/v2/self,old legacy client (console3-local API.x.y.get() tree),,ListProfileEmailAddressCommand/GetProfileCommand,no (command already exists),
